chr,pos,ref,alt,l1,l2,l3,l4,l5,l1_a1,l1_a2,l2_a1,l2_a2,l3_a1,l3_a2,l4_a1,l4_a2,l5_a1,l5_a2,p,p1,p2,fst
J02459.1,35,A,C,0/1,0/1,0/1,0/0,0/0,0,1,0,1,0,1,0,0,0,0,0.3,0.5,0,0.30952380952381
J02459.1,182,G,T,0/0,0/0,0/0,0/1,0/1,0,0,0,0,0,0,0,1,0,1,0.2,0,0.5,0.40625
J02459.1,204,A,T,0/1,0/1,0/1,0/0,0/0,0,1,0,1,0,1,0,0,0,0,0.3,0.5,0,0.30952380952381
J02459.1,220,C,G,0/1,0/1,0/1,0/0,0/0,0,1,0,1,0,1,0,0,0,0,0.3,0.5,0,0.30952380952381
J02459.1,235,T,G,1/1,1/1,1/1,0/0,0/0,1,1,1,1,1,1,0,0,0,0,0.6,1,0,1.08333333333333
J02459.1,252,A,C,0/1,0/1,0/1,0/0,0/0,0,1,0,1,0,1,0,0,0,0,0.3,0.5,0,0.30952380952381
J02459.1,289,T,G,0/1,0/1,0/1,0/0,0/0,0,1,0,1,0,1,0,0,0,0,0.3,0.5,0,0.30952380952381
J02459.1,364,G,T,0/0,0/0,0/0,0/1,0/1,0,0,0,0,0,0,0,1,0,1,0.2,0,0.5,0.40625
J02459.1,372,A,C,0/0,0/0,0/0,1/1,1/1,0,0,0,0,0,0,1,1,1,1,0.4,0,1,1.08333333333333
J02459.1,384,A,G,0/0,0/0,0/0,0/1,0/1,0,0,0,0,0,0,0,1,0,1,0.2,0,0.5,0.40625
J02459.1,390,A,C,0/0,0/0,0/0,0/1,0/1,0,0,0,0,0,0,0,1,0,1,0.2,0,0.5,0.40625
J02459.1,420,T,A,0/0,0/0,0/0,1/1,1/1,0,0,0,0,0,0,1,1,1,1,0.4,0,1,1.08333333333333
J02459.1,506,G,T,0/1,0/1,0/1,0/0,0/0,0,1,0,1,0,1,0,0,0,0,0.3,0.5,0,0.30952380952381
J02459.1,538,C,A,0/1,0/1,0/1,0/0,0/0,0,1,0,1,0,1,0,0,0,0,0.3,0.5,0,0.30952380952381
J02459.1,589,C,G,1/1,1/1,1/1,0/0,0/0,1,1,1,1,1,1,0,0,0,0,0.6,1,0,1.08333333333333
J02459.1,590,C,T,1/1,1/1,1/1,0/0,0/0,1,1,1,1,1,1,0,0,0,0,0.6,1,0,1.08333333333333
J02459.1,598,G,A,0/0,0/0,0/0,1/1,1/1,0,0,0,0,0,0,1,1,1,1,0.4,0,1,1.08333333333333
J02459.1,669,A,G,0/1,0/1,0/1,0/0,0/0,0,1,0,1,0,1,0,0,0,0,0.3,0.5,0,0.30952380952381
J02459.1,723,A,G,1/1,1/1,1/1,0/0,0/0,1,1,1,1,1,1,0,0,0,0,0.6,1,0,1.08333333333333
J02459.1,729,C,G,0/0,0/0,0/0,1/1,1/1,0,0,0,0,0,0,1,1,1,1,0.4,0,1,1.08333333333333
J02459.1,738,A,G,0/1,0/1,0/1,0/0,0/0,0,1,0,1,0,1,0,0,0,0,0.3,0.5,0,0.30952380952381
J02459.1,747,C,A,1/1,1/1,1/1,0/0,0/0,1,1,1,1,1,1,0,0,0,0,0.6,1,0,1.08333333333333
J02459.1,790,C,G,0/0,0/0,0/0,0/1,0/1,0,0,0,0,0,0,0,1,0,1,0.2,0,0.5,0.40625
J02459.1,869,A,C,0/0,0/0,0/0,0/1,0/1,0,0,0,0,0,0,0,1,0,1,0.2,0,0.5,0.40625
J02459.1,896,T,C,0/1,0/1,0/1,0/0,0/0,0,1,0,1,0,1,0,0,0,0,0.3,0.5,0,0.30952380952381
J02459.1,903,G,A,1/1,1/1,1/1,0/0,0/0,1,1,1,1,1,1,0,0,0,0,0.6,1,0,1.08333333333333
J02459.1,947,T,A,0/0,0/0,0/0,0/1,0/1,0,0,0,0,0,0,0,1,0,1,0.2,0,0.5,0.40625
J02459.1,963,A,T,0/1,0/1,0/1,0/0,0/0,0,1,0,1,0,1,0,0,0,0,0.3,0.5,0,0.30952380952381
J02459.1,1019,C,A,0/0,0/0,0/0,0/1,0/1,0,0,0,0,0,0,0,1,0,1,0.2,0,0.5,0.40625
J02459.1,1027,C,G,0/1,0/1,0/1,0/0,0/0,0,1,0,1,0,1,0,0,0,0,0.3,0.5,0,0.30952380952381
J02459.1,1105,T,G,0/1,0/1,0/1,0/0,0/0,0,1,0,1,0,1,0,0,0,0,0.3,0.5,0,0.30952380952381
J02459.1,1181,G,C,0/1,0/1,0/1,0/0,0/0,0,1,0,1,0,1,0,0,0,0,0.3,0.5,0,0.30952380952381
J02459.1,1227,G,A,0/0,0/0,0/0,1/1,1/1,0,0,0,0,0,0,1,1,1,1,0.4,0,1,1.08333333333333
J02459.1,1252,C,A,0/1,0/1,0/1,0/0,0/0,0,1,0,1,0,1,0,0,0,0,0.3,0.5,0,0.30952380952381
J02459.1,1292,G,T,0/1,0/1,0/1,0/0,0/0,0,1,0,1,0,1,0,0,0,0,0.3,0.5,0,0.30952380952381
J02459.1,1327,G,C,0/0,0/0,0/0,0/1,0/1,0,0,0,0,0,0,0,1,0,1,0.2,0,0.5,0.40625
J02459.1,1352,G,T,0/0,0/0,0/0,1/1,1/1,0,0,0,0,0,0,1,1,1,1,0.4,0,1,1.08333333333333
J02459.1,1368,A,T,0/0,0/0,0/0,0/1,0/1,0,0,0,0,0,0,0,1,0,1,0.2,0,0.5,0.40625
J02459.1,1462,T,C,0/0,0/0,0/0,0/1,0/1,0,0,0,0,0,0,0,1,0,1,0.2,0,0.5,0.40625
J02459.1,1516,G,T,1/1,1/1,1/1,0/0,0/0,1,1,1,1,1,1,0,0,0,0,0.6,1,0,1.08333333333333
J02459.1,1531,G,A,0/1,0/1,0/1,0/0,0/0,0,1,0,1,0,1,0,0,0,0,0.3,0.5,0,0.30952380952381
J02459.1,1561,A,C,0/0,0/0,0/0,0/1,0/1,0,0,0,0,0,0,0,1,0,1,0.2,0,0.5,0.40625
J02459.1,1635,T,G,0/0,0/0,0/0,1/1,1/1,0,0,0,0,0,0,1,1,1,1,0.4,0,1,1.08333333333333
J02459.1,1642,C,T,0/0,0/0,0/0,0/1,0/1,0,0,0,0,0,0,0,1,0,1,0.2,0,0.5,0.40625
J02459.1,1656,A,G,0/0,0/0,0/0,1/1,1/1,0,0,0,0,0,0,1,1,1,1,0.4,0,1,1.08333333333333
J02459.1,1680,T,G,0/0,0/0,0/0,0/1,0/1,0,0,0,0,0,0,0,1,0,1,0.2,0,0.5,0.40625
J02459.1,1697,G,C,0/1,0/1,0/1,0/0,0/0,0,1,0,1,0,1,0,0,0,0,0.3,0.5,0,0.30952380952381
J02459.1,1707,T,G,0/0,0/0,0/0,0/1,0/1,0,0,0,0,0,0,0,1,0,1,0.2,0,0.5,0.40625
J02459.1,1796,T,C,0/1,0/1,0/1,0/0,0/0,0,1,0,1,0,1,0,0,0,0,0.3,0.5,0,0.30952380952381
J02459.1,1817,T,G,0/0,0/0,0/0,0/1,0/1,0,0,0,0,0,0,0,1,0,1,0.2,0,0.5,0.40625
J02459.1,1883,C,G,0/0,0/0,0/0,0/1,0/1,0,0,0,0,0,0,0,1,0,1,0.2,0,0.5,0.40625
J02459.1,1953,G,T,1/1,1/1,1/1,0/0,0/0,1,1,1,1,1,1,0,0,0,0,0.6,1,0,1.08333333333333
J02459.1,2080,T,G,0/1,0/1,0/1,0/0,0/0,0,1,0,1,0,1,0,0,0,0,0.3,0.5,0,0.30952380952381
J02459.1,2124,A,G,0/0,0/0,0/0,0/1,0/1,0,0,0,0,0,0,0,1,0,1,0.2,0,0.5,0.40625
J02459.1,2128,T,G,0/1,0/1,0/1,0/0,0/0,0,1,0,1,0,1,0,0,0,0,0.3,0.5,0,0.30952380952381
J02459.1,2154,G,T,0/0,0/0,0/0,0/1,0/1,0,0,0,0,0,0,0,1,0,1,0.2,0,0.5,0.40625
J02459.1,2193,T,G,0/0,0/0,0/0,0/1,0/1,0,0,0,0,0,0,0,1,0,1,0.2,0,0.5,0.40625
J02459.1,2200,A,T,0/1,0/1,0/1,0/0,0/0,0,1,0,1,0,1,0,0,0,0,0.3,0.5,0,0.30952380952381
J02459.1,2224,A,G,0/1,0/1,0/1,0/0,0/0,0,1,0,1,0,1,0,0,0,0,0.3,0.5,0,0.30952380952381
J02459.1,2332,G,C,0/0,0/0,0/0,0/1,0/1,0,0,0,0,0,0,0,1,0,1,0.2,0,0.5,0.40625
J02459.1,2342,C,T,0/0,0/0,0/0,0/1,0/1,0,0,0,0,0,0,0,1,0,1,0.2,0,0.5,0.40625
J02459.1,2473,T,G,0/1,0/1,0/1,0/0,0/0,0,1,0,1,0,1,0,0,0,0,0.3,0.5,0,0.30952380952381
J02459.1,2520,C,A,0/0,0/0,0/0,0/1,0/1,0,0,0,0,0,0,0,1,0,1,0.2,0,0.5,0.40625
J02459.1,2567,G,C,1/1,1/1,1/1,0/0,0/0,1,1,1,1,1,1,0,0,0,0,0.6,1,0,1.08333333333333
J02459.1,2592,A,C,0/0,0/0,0/0,1/1,1/1,0,0,0,0,0,0,1,1,1,1,0.4,0,1,1.08333333333333
J02459.1,2600,A,C,0/1,0/1,0/1,0/0,0/0,0,1,0,1,0,1,0,0,0,0,0.3,0.5,0,0.30952380952381
J02459.1,2629,A,C,0/0,0/0,0/0,1/1,1/1,0,0,0,0,0,0,1,1,1,1,0.4,0,1,1.08333333333333
J02459.1,2641,A,G,0/1,0/1,0/1,0/0,0/0,0,1,0,1,0,1,0,0,0,0,0.3,0.5,0,0.30952380952381
J02459.1,2642,C,A,0/0,0/0,0/0,1/1,1/1,0,0,0,0,0,0,1,1,1,1,0.4,0,1,1.08333333333333
J02459.1,2757,A,C,0/0,0/0,0/0,0/1,0/1,0,0,0,0,0,0,0,1,0,1,0.2,0,0.5,0.40625
J02459.1,2794,C,A,0/0,0/0,0/0,1/1,1/1,0,0,0,0,0,0,1,1,1,1,0.4,0,1,1.08333333333333
J02459.1,2834,G,C,1/1,1/1,1/1,0/0,0/0,1,1,1,1,1,1,0,0,0,0,0.6,1,0,1.08333333333333
J02459.1,2854,C,G,0/1,0/1,0/1,0/0,0/0,0,1,0,1,0,1,0,0,0,0,0.3,0.5,0,0.30952380952381
J02459.1,2859,C,A,1/1,1/1,1/1,0/0,0/0,1,1,1,1,1,1,0,0,0,0,0.6,1,0,1.08333333333333
J02459.1,2863,C,T,0/0,0/0,0/0,0/1,0/1,0,0,0,0,0,0,0,1,0,1,0.2,0,0.5,0.40625
J02459.1,2929,G,C,0/0,0/0,0/0,0/1,0/1,0,0,0,0,0,0,0,1,0,1,0.2,0,0.5,0.40625
J02459.1,3010,C,A,0/0,0/0,0/0,0/1,0/1,0,0,0,0,0,0,0,1,0,1,0.2,0,0.5,0.40625
J02459.1,3064,C,G,0/0,0/0,0/0,0/1,0/1,0,0,0,0,0,0,0,1,0,1,0.2,0,0.5,0.40625
J02459.1,3136,G,C,0/0,0/0,0/0,1/1,1/1,0,0,0,0,0,0,1,1,1,1,0.4,0,1,1.08333333333333
J02459.1,3205,T,C,0/1,0/1,0/1,0/0,0/0,0,1,0,1,0,1,0,0,0,0,0.3,0.5,0,0.30952380952381
J02459.1,3211,A,G,0/1,0/1,0/1,0/0,0/0,0,1,0,1,0,1,0,0,0,0,0.3,0.5,0,0.30952380952381
J02459.1,3230,G,T,0/1,0/1,0/1,0/0,0/0,0,1,0,1,0,1,0,0,0,0,0.3,0.5,0,0.30952380952381
J02459.1,3248,T,G,0/0,0/0,0/0,0/1,0/1,0,0,0,0,0,0,0,1,0,1,0.2,0,0.5,0.40625
J02459.1,3271,G,A,0/1,0/1,0/1,0/0,0/0,0,1,0,1,0,1,0,0,0,0,0.3,0.5,0,0.30952380952381
J02459.1,3301,A,C,0/1,0/1,0/1,0/0,0/0,0,1,0,1,0,1,0,0,0,0,0.3,0.5,0,0.30952380952381
J02459.1,3393,C,A,0/0,0/0,0/0,0/1,0/1,0,0,0,0,0,0,0,1,0,1,0.2,0,0.5,0.40625
J02459.1,3394,C,T,0/1,0/1,0/1,0/0,0/0,0,1,0,1,0,1,0,0,0,0,0.3,0.5,0,0.30952380952381
J02459.1,3408,C,G,0/0,0/0,0/0,0/1,0/1,0,0,0,0,0,0,0,1,0,1,0.2,0,0.5,0.40625
J02459.1,3477,G,C,0/1,0/1,0/1,0/0,0/0,0,1,0,1,0,1,0,0,0,0,0.3,0.5,0,0.30952380952381
J02459.1,3555,G,T,0/0,0/0,0/0,0/1,0/1,0,0,0,0,0,0,0,1,0,1,0.2,0,0.5,0.40625
J02459.1,3656,T,C,0/0,0/0,0/0,0/1,0/1,0,0,0,0,0,0,0,1,0,1,0.2,0,0.5,0.40625
J02459.1,3697,A,T,1/1,1/1,1/1,0/0,0/0,1,1,1,1,1,1,0,0,0,0,0.6,1,0,1.08333333333333
J02459.1,3712,G,A,0/0,0/0,0/0,0/1,0/1,0,0,0,0,0,0,0,1,0,1,0.2,0,0.5,0.40625
J02459.1,3782,C,G,0/1,0/1,0/1,0/0,0/0,0,1,0,1,0,1,0,0,0,0,0.3,0.5,0,0.30952380952381
J02459.1,3783,G,C,0/0,0/0,0/0,0/1,0/1,0,0,0,0,0,0,0,1,0,1,0.2,0,0.5,0.40625
J02459.1,3803,T,G,1/1,1/1,1/1,0/0,0/0,1,1,1,1,1,1,0,0,0,0,0.6,1,0,1.08333333333333
J02459.1,3839,C,G,0/0,0/0,0/0,1/1,1/1,0,0,0,0,0,0,1,1,1,1,0.4,0,1,1.08333333333333
J02459.1,3985,A,T,0/0,0/0,0/0,1/1,1/1,0,0,0,0,0,0,1,1,1,1,0.4,0,1,1.08333333333333
J02459.1,3990,A,C,0/1,0/1,0/1,0/0,0/0,0,1,0,1,0,1,0,0,0,0,0.3,0.5,0,0.30952380952381
J02459.1,4000,G,A,0/1,0/1,0/1,0/0,0/0,0,1,0,1,0,1,0,0,0,0,0.3,0.5,0,0.30952380952381
J02459.1,4024,A,C,1/1,1/1,1/1,0/0,0/0,1,1,1,1,1,1,0,0,0,0,0.6,1,0,1.08333333333333
J02459.1,4091,C,T,0/0,0/0,0/0,0/1,0/1,0,0,0,0,0,0,0,1,0,1,0.2,0,0.5,0.40625
J02459.1,4135,A,G,0/0,0/0,0/0,1/1,1/1,0,0,0,0,0,0,1,1,1,1,0.4,0,1,1.08333333333333
J02459.1,4148,C,T,0/1,0/1,0/1,0/0,0/0,0,1,0,1,0,1,0,0,0,0,0.3,0.5,0,0.30952380952381
J02459.1,4156,G,T,0/0,0/0,0/0,0/1,0/1,0,0,0,0,0,0,0,1,0,1,0.2,0,0.5,0.40625
J02459.1,4248,A,G,0/0,0/0,0/0,0/1,0/1,0,0,0,0,0,0,0,1,0,1,0.2,0,0.5,0.40625
J02459.1,4282,G,C,0/1,0/1,0/1,0/0,0/0,0,1,0,1,0,1,0,0,0,0,0.3,0.5,0,0.30952380952381
J02459.1,4304,T,G,0/1,0/1,0/1,0/0,0/0,0,1,0,1,0,1,0,0,0,0,0.3,0.5,0,0.30952380952381
J02459.1,4362,C,T,0/0,0/0,0/0,1/1,1/1,0,0,0,0,0,0,1,1,1,1,0.4,0,1,1.08333333333333
J02459.1,4396,C,A,0/1,0/1,0/1,0/0,0/0,0,1,0,1,0,1,0,0,0,0,0.3,0.5,0,0.30952380952381
J02459.1,4417,A,C,0/0,0/0,0/0,0/1,0/1,0,0,0,0,0,0,0,1,0,1,0.2,0,0.5,0.40625
J02459.1,4438,T,C,0/0,0/0,0/0,1/1,1/1,0,0,0,0,0,0,1,1,1,1,0.4,0,1,1.08333333333333
J02459.1,4501,G,T,0/0,0/0,0/0,0/1,0/1,0,0,0,0,0,0,0,1,0,1,0.2,0,0.5,0.40625
J02459.1,4555,G,T,0/1,0/1,0/1,0/0,0/0,0,1,0,1,0,1,0,0,0,0,0.3,0.5,0,0.30952380952381
J02459.1,4606,A,G,0/0,0/0,0/0,1/1,1/1,0,0,0,0,0,0,1,1,1,1,0.4,0,1,1.08333333333333
J02459.1,4694,A,C,0/0,0/0,0/0,1/1,1/1,0,0,0,0,0,0,1,1,1,1,0.4,0,1,1.08333333333333
J02459.1,4708,G,T,1/1,1/1,1/1,0/0,0/0,1,1,1,1,1,1,0,0,0,0,0.6,1,0,1.08333333333333
J02459.1,4739,A,T,0/1,0/1,0/1,0/0,0/0,0,1,0,1,0,1,0,0,0,0,0.3,0.5,0,0.30952380952381
J02459.1,4845,G,A,0/0,0/0,0/0,1/1,1/1,0,0,0,0,0,0,1,1,1,1,0.4,0,1,1.08333333333333
J02459.1,4847,G,A,0/1,0/1,0/1,0/0,0/0,0,1,0,1,0,1,0,0,0,0,0.3,0.5,0,0.30952380952381
J02459.1,4934,A,T,0/0,0/0,0/0,1/1,1/1,0,0,0,0,0,0,1,1,1,1,0.4,0,1,1.08333333333333
J02459.1,5082,A,T,0/1,0/1,0/1,0/0,0/0,0,1,0,1,0,1,0,0,0,0,0.3,0.5,0,0.30952380952381
J02459.1,5111,C,T,0/0,0/0,0/0,0/1,0/1,0,0,0,0,0,0,0,1,0,1,0.2,0,0.5,0.40625
J02459.1,5113,G,A,0/0,0/0,0/0,0/1,0/1,0,0,0,0,0,0,0,1,0,1,0.2,0,0.5,0.40625
J02459.1,5127,C,A,0/0,0/0,0/0,1/1,1/1,0,0,0,0,0,0,1,1,1,1,0.4,0,1,1.08333333333333
J02459.1,5129,C,G,1/1,1/1,1/1,0/0,0/0,1,1,1,1,1,1,0,0,0,0,0.6,1,0,1.08333333333333
J02459.1,5208,C,G,0/0,0/0,0/0,0/1,0/1,0,0,0,0,0,0,0,1,0,1,0.2,0,0.5,0.40625
J02459.1,5232,A,C,0/1,0/1,0/1,0/0,0/0,0,1,0,1,0,1,0,0,0,0,0.3,0.5,0,0.30952380952381
J02459.1,5235,A,C,0/1,0/1,0/1,0/0,0/0,0,1,0,1,0,1,0,0,0,0,0.3,0.5,0,0.30952380952381
J02459.1,5281,T,A,0/1,0/1,0/1,0/0,0/0,0,1,0,1,0,1,0,0,0,0,0.3,0.5,0,0.30952380952381
J02459.1,5436,G,A,1/1,1/1,1/1,0/0,0/0,1,1,1,1,1,1,0,0,0,0,0.6,1,0,1.08333333333333
J02459.1,5447,C,T,1/1,1/1,1/1,0/0,0/0,1,1,1,1,1,1,0,0,0,0,0.6,1,0,1.08333333333333
J02459.1,5522,G,A,0/1,0/1,0/1,0/0,0/0,0,1,0,1,0,1,0,0,0,0,0.3,0.5,0,0.30952380952381
J02459.1,5533,A,C,0/1,0/1,0/1,0/0,0/0,0,1,0,1,0,1,0,0,0,0,0.3,0.5,0,0.30952380952381
J02459.1,5573,A,C,0/1,0/1,0/1,0/0,0/0,0,1,0,1,0,1,0,0,0,0,0.3,0.5,0,0.30952380952381
J02459.1,5652,G,A,0/1,0/1,0/1,0/0,0/0,0,1,0,1,0,1,0,0,0,0,0.3,0.5,0,0.30952380952381
J02459.1,5664,G,T,0/1,0/1,0/1,0/0,0/0,0,1,0,1,0,1,0,0,0,0,0.3,0.5,0,0.30952380952381
J02459.1,5681,G,C,1/1,1/1,1/1,0/0,0/0,1,1,1,1,1,1,0,0,0,0,0.6,1,0,1.08333333333333
J02459.1,5840,G,T,0/0,0/0,0/0,0/1,0/1,0,0,0,0,0,0,0,1,0,1,0.2,0,0.5,0.40625
J02459.1,5864,C,T,0/0,0/0,0/0,1/1,1/1,0,0,0,0,0,0,1,1,1,1,0.4,0,1,1.08333333333333
J02459.1,5889,T,G,1/1,1/1,1/1,0/0,0/0,1,1,1,1,1,1,0,0,0,0,0.6,1,0,1.08333333333333
J02459.1,5899,T,G,1/1,1/1,1/1,0/0,0/0,1,1,1,1,1,1,0,0,0,0,0.6,1,0,1.08333333333333
J02459.1,5977,G,A,0/0,0/0,0/0,1/1,1/1,0,0,0,0,0,0,1,1,1,1,0.4,0,1,1.08333333333333
J02459.1,6168,G,A,0/1,0/1,0/1,0/0,0/0,0,1,0,1,0,1,0,0,0,0,0.3,0.5,0,0.30952380952381
J02459.1,6203,T,A,0/0,0/0,0/0,0/1,0/1,0,0,0,0,0,0,0,1,0,1,0.2,0,0.5,0.40625
J02459.1,6206,G,C,0/0,0/0,0/0,0/1,0/1,0,0,0,0,0,0,0,1,0,1,0.2,0,0.5,0.40625
J02459.1,6347,T,A,1/1,1/1,1/1,0/0,0/0,1,1,1,1,1,1,0,0,0,0,0.6,1,0,1.08333333333333
J02459.1,6392,G,T,0/1,0/1,0/1,0/0,0/0,0,1,0,1,0,1,0,0,0,0,0.3,0.5,0,0.30952380952381
J02459.1,6437,G,C,0/1,0/1,0/1,0/0,0/0,0,1,0,1,0,1,0,0,0,0,0.3,0.5,0,0.30952380952381
J02459.1,6478,A,C,0/0,0/0,0/0,1/1,1/1,0,0,0,0,0,0,1,1,1,1,0.4,0,1,1.08333333333333
J02459.1,6518,G,C,0/0,0/0,0/0,0/1,0/1,0,0,0,0,0,0,0,1,0,1,0.2,0,0.5,0.40625
J02459.1,6711,G,A,0/1,0/1,0/1,0/0,0/0,0,1,0,1,0,1,0,0,0,0,0.3,0.5,0,0.30952380952381
J02459.1,6745,G,A,0/1,0/1,0/1,0/0,0/0,0,1,0,1,0,1,0,0,0,0,0.3,0.5,0,0.30952380952381
J02459.1,6750,G,T,0/0,0/0,0/0,0/1,0/1,0,0,0,0,0,0,0,1,0,1,0.2,0,0.5,0.40625
J02459.1,6836,C,A,0/1,0/1,0/1,0/0,0/0,0,1,0,1,0,1,0,0,0,0,0.3,0.5,0,0.30952380952381
J02459.1,6922,A,G,0/1,0/1,0/1,0/0,0/0,0,1,0,1,0,1,0,0,0,0,0.3,0.5,0,0.30952380952381
J02459.1,6923,A,T,0/0,0/0,0/0,0/1,0/1,0,0,0,0,0,0,0,1,0,1,0.2,0,0.5,0.40625
J02459.1,6943,A,C,0/0,0/0,0/0,0/1,0/1,0,0,0,0,0,0,0,1,0,1,0.2,0,0.5,0.40625
J02459.1,6987,T,G,0/1,0/1,0/1,0/0,0/0,0,1,0,1,0,1,0,0,0,0,0.3,0.5,0,0.30952380952381
J02459.1,6991,G,A,1/1,1/1,1/1,0/0,0/0,1,1,1,1,1,1,0,0,0,0,0.6,1,0,1.08333333333333
J02459.1,7001,G,A,0/0,0/0,0/0,1/1,1/1,0,0,0,0,0,0,1,1,1,1,0.4,0,1,1.08333333333333
J02459.1,7082,T,A,0/0,0/0,0/0,0/1,0/1,0,0,0,0,0,0,0,1,0,1,0.2,0,0.5,0.40625
J02459.1,7220,A,C,1/1,1/1,1/1,0/0,0/0,1,1,1,1,1,1,0,0,0,0,0.6,1,0,1.08333333333333
J02459.1,7308,A,C,0/0,0/0,0/0,0/1,0/1,0,0,0,0,0,0,0,1,0,1,0.2,0,0.5,0.40625
J02459.1,7309,G,A,0/0,0/0,0/0,0/1,0/1,0,0,0,0,0,0,0,1,0,1,0.2,0,0.5,0.40625
J02459.1,7438,G,T,1/1,1/1,1/1,0/0,0/0,1,1,1,1,1,1,0,0,0,0,0.6,1,0,1.08333333333333
J02459.1,7501,G,C,0/0,0/0,0/0,0/1,0/1,0,0,0,0,0,0,0,1,0,1,0.2,0,0.5,0.40625
J02459.1,7582,C,G,0/1,0/1,0/1,0/0,0/0,0,1,0,1,0,1,0,0,0,0,0.3,0.5,0,0.30952380952381
J02459.1,7649,C,A,1/1,1/1,1/1,0/0,0/0,1,1,1,1,1,1,0,0,0,0,0.6,1,0,1.08333333333333
J02459.1,7719,T,A,0/1,0/1,0/1,0/0,0/0,0,1,0,1,0,1,0,0,0,0,0.3,0.5,0,0.30952380952381
J02459.1,7814,G,A,0/1,0/1,0/1,0/0,0/0,0,1,0,1,0,1,0,0,0,0,0.3,0.5,0,0.30952380952381
J02459.1,7823,A,G,0/1,0/1,0/1,0/0,0/0,0,1,0,1,0,1,0,0,0,0,0.3,0.5,0,0.30952380952381
J02459.1,7873,T,C,0/1,0/1,0/1,0/0,0/0,0,1,0,1,0,1,0,0,0,0,0.3,0.5,0,0.30952380952381
J02459.1,7874,T,C,0/0,0/0,0/0,0/1,0/1,0,0,0,0,0,0,0,1,0,1,0.2,0,0.5,0.40625
J02459.1,7934,G,C,0/1,0/1,0/1,0/0,0/0,0,1,0,1,0,1,0,0,0,0,0.3,0.5,0,0.30952380952381
J02459.1,7978,T,G,0/0,0/0,0/0,0/1,0/1,0,0,0,0,0,0,0,1,0,1,0.2,0,0.5,0.40625
J02459.1,8026,G,A,1/1,1/1,1/1,0/0,0/0,1,1,1,1,1,1,0,0,0,0,0.6,1,0,1.08333333333333
J02459.1,8088,T,A,0/0,0/0,0/0,0/1,0/1,0,0,0,0,0,0,0,1,0,1,0.2,0,0.5,0.40625
J02459.1,8127,C,G,1/1,1/1,1/1,0/0,0/0,1,1,1,1,1,1,0,0,0,0,0.6,1,0,1.08333333333333
J02459.1,8253,T,G,0/1,0/1,0/1,0/0,0/0,0,1,0,1,0,1,0,0,0,0,0.3,0.5,0,0.30952380952381
J02459.1,8306,C,A,0/0,0/0,0/0,0/1,0/1,0,0,0,0,0,0,0,1,0,1,0.2,0,0.5,0.40625
J02459.1,8406,C,G,1/1,1/1,1/1,0/0,0/0,1,1,1,1,1,1,0,0,0,0,0.6,1,0,1.08333333333333
J02459.1,8430,A,C,0/0,0/0,0/0,1/1,1/1,0,0,0,0,0,0,1,1,1,1,0.4,0,1,1.08333333333333
J02459.1,8441,G,C,0/0,0/0,0/0,0/1,0/1,0,0,0,0,0,0,0,1,0,1,0.2,0,0.5,0.40625
J02459.1,8465,A,G,0/1,0/1,0/1,0/0,0/0,0,1,0,1,0,1,0,0,0,0,0.3,0.5,0,0.30952380952381
J02459.1,8472,A,C,1/1,1/1,1/1,0/0,0/0,1,1,1,1,1,1,0,0,0,0,0.6,1,0,1.08333333333333
J02459.1,8477,G,A,1/1,1/1,1/1,0/0,0/0,1,1,1,1,1,1,0,0,0,0,0.6,1,0,1.08333333333333
J02459.1,8484,C,G,0/0,0/0,0/0,1/1,1/1,0,0,0,0,0,0,1,1,1,1,0.4,0,1,1.08333333333333
J02459.1,8569,C,T,0/1,0/1,0/1,0/0,0/0,0,1,0,1,0,1,0,0,0,0,0.3,0.5,0,0.30952380952381
J02459.1,8600,C,A,0/1,0/1,0/1,0/0,0/0,0,1,0,1,0,1,0,0,0,0,0.3,0.5,0,0.30952380952381
J02459.1,8610,G,A,0/0,0/0,0/0,0/1,0/1,0,0,0,0,0,0,0,1,0,1,0.2,0,0.5,0.40625
J02459.1,8680,C,G,0/1,0/1,0/1,0/0,0/0,0,1,0,1,0,1,0,0,0,0,0.3,0.5,0,0.30952380952381
J02459.1,8743,C,A,0/1,0/1,0/1,0/0,0/0,0,1,0,1,0,1,0,0,0,0,0.3,0.5,0,0.30952380952381
J02459.1,8758,T,C,0/1,0/1,0/1,0/0,0/0,0,1,0,1,0,1,0,0,0,0,0.3,0.5,0,0.30952380952381
J02459.1,8784,A,C,0/0,0/0,0/0,1/1,1/1,0,0,0,0,0,0,1,1,1,1,0.4,0,1,1.08333333333333
J02459.1,8821,C,T,0/0,0/0,0/0,0/1,0/1,0,0,0,0,0,0,0,1,0,1,0.2,0,0.5,0.40625
J02459.1,8833,A,T,0/1,0/1,0/1,0/0,0/0,0,1,0,1,0,1,0,0,0,0,0.3,0.5,0,0.30952380952381
J02459.1,8837,T,G,0/0,0/0,0/0,1/1,1/1,0,0,0,0,0,0,1,1,1,1,0.4,0,1,1.08333333333333
J02459.1,8863,C,T,0/1,0/1,0/1,0/0,0/0,0,1,0,1,0,1,0,0,0,0,0.3,0.5,0,0.30952380952381
J02459.1,8896,G,A,0/0,0/0,0/0,0/1,0/1,0,0,0,0,0,0,0,1,0,1,0.2,0,0.5,0.40625
J02459.1,8936,T,C,0/0,0/0,0/0,0/1,0/1,0,0,0,0,0,0,0,1,0,1,0.2,0,0.5,0.40625
J02459.1,8961,G,T,0/1,0/1,0/1,0/0,0/0,0,1,0,1,0,1,0,0,0,0,0.3,0.5,0,0.30952380952381
J02459.1,8972,T,A,0/0,0/0,0/0,1/1,1/1,0,0,0,0,0,0,1,1,1,1,0.4,0,1,1.08333333333333
J02459.1,8981,G,C,0/0,0/0,0/0,1/1,1/1,0,0,0,0,0,0,1,1,1,1,0.4,0,1,1.08333333333333
J02459.1,8991,G,T,1/1,1/1,1/1,0/0,0/0,1,1,1,1,1,1,0,0,0,0,0.6,1,0,1.08333333333333
J02459.1,9024,G,A,0/0,0/0,0/0,0/1,0/1,0,0,0,0,0,0,0,1,0,1,0.2,0,0.5,0.40625
J02459.1,9029,C,A,0/1,0/1,0/1,0/0,0/0,0,1,0,1,0,1,0,0,0,0,0.3,0.5,0,0.30952380952381
J02459.1,9127,G,T,0/1,0/1,0/1,0/0,0/0,0,1,0,1,0,1,0,0,0,0,0.3,0.5,0,0.30952380952381
J02459.1,9128,C,A,0/0,0/0,0/0,0/1,0/1,0,0,0,0,0,0,0,1,0,1,0.2,0,0.5,0.40625
J02459.1,9145,A,G,0/1,0/1,0/1,0/0,0/0,0,1,0,1,0,1,0,0,0,0,0.3,0.5,0,0.30952380952381
J02459.1,9300,A,C,0/1,0/1,0/1,0/0,0/0,0,1,0,1,0,1,0,0,0,0,0.3,0.5,0,0.30952380952381
J02459.1,9330,A,C,0/0,0/0,0/0,0/1,0/1,0,0,0,0,0,0,0,1,0,1,0.2,0,0.5,0.40625
J02459.1,9344,G,A,0/1,0/1,0/1,0/0,0/0,0,1,0,1,0,1,0,0,0,0,0.3,0.5,0,0.30952380952381
J02459.1,9437,A,T,0/0,0/0,0/0,1/1,1/1,0,0,0,0,0,0,1,1,1,1,0.4,0,1,1.08333333333333
J02459.1,9438,A,C,0/0,0/0,0/0,1/1,1/1,0,0,0,0,0,0,1,1,1,1,0.4,0,1,1.08333333333333
J02459.1,9486,A,T,0/0,0/0,0/0,0/1,0/1,0,0,0,0,0,0,0,1,0,1,0.2,0,0.5,0.40625
J02459.1,9571,C,G,0/1,0/1,0/1,0/0,0/0,0,1,0,1,0,1,0,0,0,0,0.3,0.5,0,0.30952380952381
J02459.1,9627,A,G,0/1,0/1,0/1,0/0,0/0,0,1,0,1,0,1,0,0,0,0,0.3,0.5,0,0.30952380952381
J02459.1,9703,A,T,0/0,0/0,0/0,0/1,0/1,0,0,0,0,0,0,0,1,0,1,0.2,0,0.5,0.40625
J02459.1,9714,T,G,0/0,0/0,0/0,0/1,0/1,0,0,0,0,0,0,0,1,0,1,0.2,0,0.5,0.40625
J02459.1,9753,G,A,1/1,1/1,1/1,0/0,0/0,1,1,1,1,1,1,0,0,0,0,0.6,1,0,1.08333333333333
J02459.1,9773,A,C,0/1,0/1,0/1,0/0,0/0,0,1,0,1,0,1,0,0,0,0,0.3,0.5,0,0.30952380952381
J02459.1,9878,C,G,1/1,1/1,1/1,0/0,0/0,1,1,1,1,1,1,0,0,0,0,0.6,1,0,1.08333333333333
J02459.1,9881,G,T,0/0,0/0,0/0,0/1,0/1,0,0,0,0,0,0,0,1,0,1,0.2,0,0.5,0.40625
J02459.1,9897,T,C,0/0,0/0,0/0,0/1,0/1,0,0,0,0,0,0,0,1,0,1,0.2,0,0.5,0.40625
J02459.1,9986,G,A,1/1,1/1,1/1,0/0,0/0,1,1,1,1,1,1,0,0,0,0,0.6,1,0,1.08333333333333
J02459.1,9994,A,T,0/0,0/0,0/0,0/1,0/1,0,0,0,0,0,0,0,1,0,1,0.2,0,0.5,0.40625
J02459.1,10035,G,T,0/0,0/0,0/0,0/1,0/1,0,0,0,0,0,0,0,1,0,1,0.2,0,0.5,0.40625
J02459.1,10069,A,G,0/1,0/1,0/1,0/0,0/0,0,1,0,1,0,1,0,0,0,0,0.3,0.5,0,0.30952380952381
J02459.1,10071,C,A,0/0,0/0,0/0,1/1,1/1,0,0,0,0,0,0,1,1,1,1,0.4,0,1,1.08333333333333
J02459.1,10215,C,A,0/0,0/0,0/0,1/1,1/1,0,0,0,0,0,0,1,1,1,1,0.4,0,1,1.08333333333333
J02459.1,10281,G,A,0/0,0/0,0/0,1/1,1/1,0,0,0,0,0,0,1,1,1,1,0.4,0,1,1.08333333333333
J02459.1,10307,T,A,0/1,0/1,0/1,0/0,0/0,0,1,0,1,0,1,0,0,0,0,0.3,0.5,0,0.30952380952381
J02459.1,10320,C,A,0/0,0/0,0/0,1/1,1/1,0,0,0,0,0,0,1,1,1,1,0.4,0,1,1.08333333333333
J02459.1,10341,T,C,1/1,1/1,1/1,0/0,0/0,1,1,1,1,1,1,0,0,0,0,0.6,1,0,1.08333333333333
J02459.1,10357,G,T,0/0,0/0,0/0,0/1,0/1,0,0,0,0,0,0,0,1,0,1,0.2,0,0.5,0.40625
J02459.1,10373,G,A,0/1,0/1,0/1,0/0,0/0,0,1,0,1,0,1,0,0,0,0,0.3,0.5,0,0.30952380952381
J02459.1,10381,A,T,1/1,1/1,1/1,0/1,0/1,1,1,1,1,1,1,0,1,0,1,0.8,1,0.5,0.40625
J02459.1,10384,T,A,0/0,0/0,0/0,0/1,0/1,0,0,0,0,0,0,0,1,0,1,0.2,0,0.5,0.40625
J02459.1,10411,G,T,0/1,0/1,0/1,0/0,0/0,0,1,0,1,0,1,0,0,0,0,0.3,0.5,0,0.30952380952381
J02459.1,10478,G,A,0/1,0/1,0/1,0/0,0/0,0,1,0,1,0,1,0,0,0,0,0.3,0.5,0,0.30952380952381
J02459.1,10675,A,G,0/1,0/1,0/1,0/0,0/0,0,1,0,1,0,1,0,0,0,0,0.3,0.5,0,0.30952380952381
J02459.1,10739,A,G,1/1,1/1,1/1,0/0,0/0,1,1,1,1,1,1,0,0,0,0,0.6,1,0,1.08333333333333
J02459.1,10745,C,A,0/1,0/1,0/1,0/0,0/0,0,1,0,1,0,1,0,0,0,0,0.3,0.5,0,0.30952380952381
J02459.1,10774,A,C,0/1,0/1,0/1,0/0,0/0,0,1,0,1,0,1,0,0,0,0,0.3,0.5,0,0.30952380952381
J02459.1,10847,C,A,0/1,0/1,0/1,0/0,0/0,0,1,0,1,0,1,0,0,0,0,0.3,0.5,0,0.30952380952381
J02459.1,10959,T,A,0/0,0/0,0/0,0/1,0/1,0,0,0,0,0,0,0,1,0,1,0.2,0,0.5,0.40625
J02459.1,10975,C,A,0/0,0/0,0/0,1/1,1/1,0,0,0,0,0,0,1,1,1,1,0.4,0,1,1.08333333333333
J02459.1,11055,A,C,0/0,0/0,0/0,0/1,0/1,0,0,0,0,0,0,0,1,0,1,0.2,0,0.5,0.40625
J02459.1,11093,C,T,0/1,0/1,0/1,0/0,0/0,0,1,0,1,0,1,0,0,0,0,0.3,0.5,0,0.30952380952381
J02459.1,11124,G,C,0/1,0/1,0/1,0/0,0/0,0,1,0,1,0,1,0,0,0,0,0.3,0.5,0,0.30952380952381
J02459.1,11191,G,T,0/0,0/0,0/0,0/1,0/1,0,0,0,0,0,0,0,1,0,1,0.2,0,0.5,0.40625
J02459.1,11200,T,G,0/1,0/1,0/1,0/0,0/0,0,1,0,1,0,1,0,0,0,0,0.3,0.5,0,0.30952380952381
J02459.1,11221,T,C,0/1,0/1,0/1,0/0,0/0,0,1,0,1,0,1,0,0,0,0,0.3,0.5,0,0.30952380952381
J02459.1,11258,G,T,0/0,0/0,0/0,1/1,1/1,0,0,0,0,0,0,1,1,1,1,0.4,0,1,1.08333333333333
J02459.1,11365,C,T,0/1,0/1,0/1,0/0,0/0,0,1,0,1,0,1,0,0,0,0,0.3,0.5,0,0.30952380952381
J02459.1,11399,C,T,0/0,0/0,0/0,1/1,1/1,0,0,0,0,0,0,1,1,1,1,0.4,0,1,1.08333333333333
J02459.1,11428,C,G,1/1,1/1,1/1,0/0,0/0,1,1,1,1,1,1,0,0,0,0,0.6,1,0,1.08333333333333
J02459.1,11555,C,A,0/1,0/1,0/1,0/0,0/0,0,1,0,1,0,1,0,0,0,0,0.3,0.5,0,0.30952380952381
J02459.1,11565,C,T,1/1,1/1,1/1,0/0,0/0,1,1,1,1,1,1,0,0,0,0,0.6,1,0,1.08333333333333
J02459.1,11610,T,C,0/1,0/1,0/1,0/0,0/0,0,1,0,1,0,1,0,0,0,0,0.3,0.5,0,0.30952380952381
J02459.1,11630,C,G,0/0,0/0,0/0,1/1,1/1,0,0,0,0,0,0,1,1,1,1,0.4,0,1,1.08333333333333
J02459.1,11636,T,C,0/0,0/0,0/0,1/1,1/1,0,0,0,0,0,0,1,1,1,1,0.4,0,1,1.08333333333333
J02459.1,11657,G,T,0/1,0/1,0/1,0/0,0/0,0,1,0,1,0,1,0,0,0,0,0.3,0.5,0,0.30952380952381
J02459.1,11680,A,G,0/0,0/0,0/0,1/1,1/1,0,0,0,0,0,0,1,1,1,1,0.4,0,1,1.08333333333333
J02459.1,11767,A,T,0/0,0/0,0/0,0/1,0/1,0,0,0,0,0,0,0,1,0,1,0.2,0,0.5,0.40625
J02459.1,11789,C,A,0/0,0/0,0/0,1/1,1/1,0,0,0,0,0,0,1,1,1,1,0.4,0,1,1.08333333333333
J02459.1,12017,T,G,0/0,0/0,0/0,1/1,1/1,0,0,0,0,0,0,1,1,1,1,0.4,0,1,1.08333333333333
J02459.1,12031,A,T,0/0,0/0,0/0,0/1,0/1,0,0,0,0,0,0,0,1,0,1,0.2,0,0.5,0.40625
J02459.1,12040,G,A,0/0,0/0,0/0,0/1,0/1,0,0,0,0,0,0,0,1,0,1,0.2,0,0.5,0.40625
J02459.1,12079,A,T,0/0,0/0,0/0,0/1,0/1,0,0,0,0,0,0,0,1,0,1,0.2,0,0.5,0.40625
J02459.1,12111,C,G,0/0,0/0,0/0,1/1,1/1,0,0,0,0,0,0,1,1,1,1,0.4,0,1,1.08333333333333
J02459.1,12154,A,T,0/0,0/0,0/0,0/1,0/1,0,0,0,0,0,0,0,1,0,1,0.2,0,0.5,0.40625
J02459.1,12230,T,A,0/0,0/0,0/0,0/1,0/1,0,0,0,0,0,0,0,1,0,1,0.2,0,0.5,0.40625
J02459.1,12269,T,G,0/0,0/0,0/0,0/1,0/1,0,0,0,0,0,0,0,1,0,1,0.2,0,0.5,0.40625
J02459.1,12357,C,T,1/1,1/1,1/1,0/0,0/0,1,1,1,1,1,1,0,0,0,0,0.6,1,0,1.08333333333333
J02459.1,12448,G,C,0/1,0/1,0/1,0/0,0/0,0,1,0,1,0,1,0,0,0,0,0.3,0.5,0,0.30952380952381
J02459.1,12456,G,T,0/0,0/0,0/0,1/1,1/1,0,0,0,0,0,0,1,1,1,1,0.4,0,1,1.08333333333333
J02459.1,12533,G,T,0/0,0/0,0/0,1/1,1/1,0,0,0,0,0,0,1,1,1,1,0.4,0,1,1.08333333333333
J02459.1,12569,C,A,0/0,0/0,0/0,1/1,1/1,0,0,0,0,0,0,1,1,1,1,0.4,0,1,1.08333333333333
J02459.1,12581,C,A,0/0,0/0,0/0,0/1,0/1,0,0,0,0,0,0,0,1,0,1,0.2,0,0.5,0.40625
J02459.1,12626,G,T,0/0,0/0,0/0,0/1,0/1,0,0,0,0,0,0,0,1,0,1,0.2,0,0.5,0.40625
J02459.1,12800,T,A,0/0,0/0,0/0,0/1,0/1,0,0,0,0,0,0,0,1,0,1,0.2,0,0.5,0.40625
J02459.1,12894,G,T,0/1,0/1,0/1,0/0,0/0,0,1,0,1,0,1,0,0,0,0,0.3,0.5,0,0.30952380952381
J02459.1,12908,C,A,1/1,1/1,1/1,0/0,0/0,1,1,1,1,1,1,0,0,0,0,0.6,1,0,1.08333333333333
J02459.1,12941,G,A,0/0,0/0,0/0,0/1,0/1,0,0,0,0,0,0,0,1,0,1,0.2,0,0.5,0.40625
J02459.1,13072,A,T,0/0,0/0,0/0,0/1,0/1,0,0,0,0,0,0,0,1,0,1,0.2,0,0.5,0.40625
J02459.1,13084,T,A,0/0,0/0,0/0,1/1,1/1,0,0,0,0,0,0,1,1,1,1,0.4,0,1,1.08333333333333
J02459.1,13116,G,C,0/1,0/1,0/1,0/0,0/0,0,1,0,1,0,1,0,0,0,0,0.3,0.5,0,0.30952380952381
J02459.1,13148,G,C,0/0,0/0,0/0,0/1,0/1,0,0,0,0,0,0,0,1,0,1,0.2,0,0.5,0.40625
J02459.1,13169,C,T,0/1,0/1,0/1,0/0,0/0,0,1,0,1,0,1,0,0,0,0,0.3,0.5,0,0.30952380952381
J02459.1,13207,G,A,0/1,0/1,0/1,0/0,0/0,0,1,0,1,0,1,0,0,0,0,0.3,0.5,0,0.30952380952381
J02459.1,13215,C,A,0/0,0/0,0/0,0/1,0/1,0,0,0,0,0,0,0,1,0,1,0.2,0,0.5,0.40625
J02459.1,13235,G,T,0/0,0/0,0/0,0/1,0/1,0,0,0,0,0,0,0,1,0,1,0.2,0,0.5,0.40625
J02459.1,13295,G,T,0/0,0/0,0/0,0/1,0/1,0,0,0,0,0,0,0,1,0,1,0.2,0,0.5,0.40625
J02459.1,13301,T,A,0/0,0/0,0/0,1/1,1/1,0,0,0,0,0,0,1,1,1,1,0.4,0,1,1.08333333333333
J02459.1,13303,G,C,0/0,0/0,0/0,1/1,1/1,0,0,0,0,0,0,1,1,1,1,0.4,0,1,1.08333333333333
J02459.1,13323,C,T,0/1,0/1,0/1,0/0,0/0,0,1,0,1,0,1,0,0,0,0,0.3,0.5,0,0.30952380952381
J02459.1,13457,A,T,0/1,0/1,0/1,0/0,0/0,0,1,0,1,0,1,0,0,0,0,0.3,0.5,0,0.30952380952381
J02459.1,13550,A,C,0/1,0/1,0/1,0/0,0/0,0,1,0,1,0,1,0,0,0,0,0.3,0.5,0,0.30952380952381
J02459.1,13570,C,A,0/0,0/0,0/0,0/1,0/1,0,0,0,0,0,0,0,1,0,1,0.2,0,0.5,0.40625
J02459.1,13683,C,T,0/1,0/1,0/1,0/0,0/0,0,1,0,1,0,1,0,0,0,0,0.3,0.5,0,0.30952380952381
J02459.1,13703,C,A,0/0,0/0,0/0,1/1,1/1,0,0,0,0,0,0,1,1,1,1,0.4,0,1,1.08333333333333
J02459.1,13762,T,G,0/1,0/1,0/1,0/0,0/0,0,1,0,1,0,1,0,0,0,0,0.3,0.5,0,0.30952380952381
J02459.1,13764,T,A,0/1,0/1,0/1,0/0,0/0,0,1,0,1,0,1,0,0,0,0,0.3,0.5,0,0.30952380952381
J02459.1,13798,T,A,0/1,0/1,0/1,0/0,0/0,0,1,0,1,0,1,0,0,0,0,0.3,0.5,0,0.30952380952381
J02459.1,13846,T,A,0/1,0/1,0/1,0/0,0/0,0,1,0,1,0,1,0,0,0,0,0.3,0.5,0,0.30952380952381
J02459.1,13901,C,G,0/0,0/0,0/0,0/1,0/1,0,0,0,0,0,0,0,1,0,1,0.2,0,0.5,0.40625
J02459.1,13934,T,A,0/0,0/0,0/0,1/1,1/1,0,0,0,0,0,0,1,1,1,1,0.4,0,1,1.08333333333333
J02459.1,14011,C,G,0/0,0/0,0/0,0/1,0/1,0,0,0,0,0,0,0,1,0,1,0.2,0,0.5,0.40625
J02459.1,14020,T,A,0/0,0/0,0/0,1/1,1/1,0,0,0,0,0,0,1,1,1,1,0.4,0,1,1.08333333333333
J02459.1,14116,C,T,1/1,1/1,1/1,0/0,0/0,1,1,1,1,1,1,0,0,0,0,0.6,1,0,1.08333333333333
J02459.1,14125,T,C,0/0,0/0,0/0,0/1,0/1,0,0,0,0,0,0,0,1,0,1,0.2,0,0.5,0.40625
J02459.1,14138,A,C,1/1,1/1,1/1,0/0,0/0,1,1,1,1,1,1,0,0,0,0,0.6,1,0,1.08333333333333
J02459.1,14162,G,C,0/0,0/0,0/0,0/1,0/1,0,0,0,0,0,0,0,1,0,1,0.2,0,0.5,0.40625
J02459.1,14163,C,T,0/1,0/1,0/1,0/0,0/0,0,1,0,1,0,1,0,0,0,0,0.3,0.5,0,0.30952380952381
J02459.1,14168,C,T,0/0,0/0,0/0,1/1,1/1,0,0,0,0,0,0,1,1,1,1,0.4,0,1,1.08333333333333
J02459.1,14204,G,C,1/1,1/1,1/1,0/0,0/0,1,1,1,1,1,1,0,0,0,0,0.6,1,0,1.08333333333333
J02459.1,14215,C,G,0/0,0/0,0/0,1/1,1/1,0,0,0,0,0,0,1,1,1,1,0.4,0,1,1.08333333333333
J02459.1,14298,A,T,0/0,0/0,0/0,0/1,0/1,0,0,0,0,0,0,0,1,0,1,0.2,0,0.5,0.40625
J02459.1,14378,C,T,0/0,0/0,0/0,0/1,0/1,0,0,0,0,0,0,0,1,0,1,0.2,0,0.5,0.40625
J02459.1,14388,T,C,0/1,0/1,0/1,0/0,0/0,0,1,0,1,0,1,0,0,0,0,0.3,0.5,0,0.30952380952381
J02459.1,14435,A,C,0/0,0/0,0/0,0/1,0/1,0,0,0,0,0,0,0,1,0,1,0.2,0,0.5,0.40625
J02459.1,14451,C,G,0/0,0/0,0/0,0/1,0/1,0,0,0,0,0,0,0,1,0,1,0.2,0,0.5,0.40625
J02459.1,14468,C,A,0/0,0/0,0/0,1/1,1/1,0,0,0,0,0,0,1,1,1,1,0.4,0,1,1.08333333333333
J02459.1,14603,G,C,1/1,1/1,1/1,0/0,0/0,1,1,1,1,1,1,0,0,0,0,0.6,1,0,1.08333333333333
J02459.1,14623,G,A,0/0,0/0,0/0,0/1,0/1,0,0,0,0,0,0,0,1,0,1,0.2,0,0.5,0.40625
J02459.1,14646,C,G,0/0,0/0,0/0,0/1,0/1,0,0,0,0,0,0,0,1,0,1,0.2,0,0.5,0.40625
J02459.1,14691,A,C,0/0,0/0,0/0,0/1,0/1,0,0,0,0,0,0,0,1,0,1,0.2,0,0.5,0.40625
J02459.1,14729,C,G,0/0,0/0,0/0,1/1,1/1,0,0,0,0,0,0,1,1,1,1,0.4,0,1,1.08333333333333
J02459.1,14774,T,A,0/1,0/1,0/1,0/0,0/0,0,1,0,1,0,1,0,0,0,0,0.3,0.5,0,0.30952380952381
J02459.1,14798,T,C,0/0,0/0,0/0,0/1,0/1,0,0,0,0,0,0,0,1,0,1,0.2,0,0.5,0.40625
J02459.1,14806,C,T,1/1,1/1,1/1,0/0,0/0,1,1,1,1,1,1,0,0,0,0,0.6,1,0,1.08333333333333
J02459.1,14815,G,A,0/0,0/0,0/0,1/1,1/1,0,0,0,0,0,0,1,1,1,1,0.4,0,1,1.08333333333333
J02459.1,14840,T,G,0/0,0/0,0/0,0/1,0/1,0,0,0,0,0,0,0,1,0,1,0.2,0,0.5,0.40625
J02459.1,14883,G,A,0/0,0/0,0/0,0/1,0/1,0,0,0,0,0,0,0,1,0,1,0.2,0,0.5,0.40625
J02459.1,14895,C,G,0/0,0/0,0/0,0/1,0/1,0,0,0,0,0,0,0,1,0,1,0.2,0,0.5,0.40625
J02459.1,14933,A,T,0/0,0/0,0/0,0/1,0/1,0,0,0,0,0,0,0,1,0,1,0.2,0,0.5,0.40625
J02459.1,15097,G,C,0/0,0/0,0/0,0/1,0/1,0,0,0,0,0,0,0,1,0,1,0.2,0,0.5,0.40625
J02459.1,15149,G,A,0/0,0/0,0/0,1/1,1/1,0,0,0,0,0,0,1,1,1,1,0.4,0,1,1.08333333333333
J02459.1,15184,A,C,1/1,1/1,1/1,0/0,0/0,1,1,1,1,1,1,0,0,0,0,0.6,1,0,1.08333333333333
J02459.1,15208,A,T,0/0,0/0,0/0,1/1,1/1,0,0,0,0,0,0,1,1,1,1,0.4,0,1,1.08333333333333
J02459.1,15263,T,A,0/1,0/1,0/1,0/0,0/0,0,1,0,1,0,1,0,0,0,0,0.3,0.5,0,0.30952380952381
J02459.1,15299,T,G,0/0,0/0,0/0,0/1,0/1,0,0,0,0,0,0,0,1,0,1,0.2,0,0.5,0.40625
J02459.1,15323,C,G,0/0,0/0,0/0,1/1,1/1,0,0,0,0,0,0,1,1,1,1,0.4,0,1,1.08333333333333
J02459.1,15360,G,C,1/1,1/1,1/1,0/0,0/0,1,1,1,1,1,1,0,0,0,0,0.6,1,0,1.08333333333333
J02459.1,15407,A,G,0/0,0/0,0/0,1/1,1/1,0,0,0,0,0,0,1,1,1,1,0.4,0,1,1.08333333333333
J02459.1,15548,A,C,0/0,0/0,0/0,1/1,1/1,0,0,0,0,0,0,1,1,1,1,0.4,0,1,1.08333333333333
J02459.1,15578,G,A,1/1,1/1,1/1,0/0,0/0,1,1,1,1,1,1,0,0,0,0,0.6,1,0,1.08333333333333
J02459.1,15694,G,T,0/1,0/1,0/1,0/0,0/0,0,1,0,1,0,1,0,0,0,0,0.3,0.5,0,0.30952380952381
J02459.1,15736,C,A,0/0,0/0,0/0,0/1,0/1,0,0,0,0,0,0,0,1,0,1,0.2,0,0.5,0.40625
J02459.1,15782,A,G,0/1,0/1,0/1,0/0,0/0,0,1,0,1,0,1,0,0,0,0,0.3,0.5,0,0.30952380952381
J02459.1,15860,A,C,0/0,0/0,0/0,0/1,0/1,0,0,0,0,0,0,0,1,0,1,0.2,0,0.5,0.40625
J02459.1,15878,C,A,1/1,1/1,1/1,0/0,0/0,1,1,1,1,1,1,0,0,0,0,0.6,1,0,1.08333333333333
J02459.1,15900,G,T,0/0,0/0,0/0,0/1,0/1,0,0,0,0,0,0,0,1,0,1,0.2,0,0.5,0.40625
J02459.1,15927,A,C,0/0,0/0,0/0,1/1,1/1,0,0,0,0,0,0,1,1,1,1,0.4,0,1,1.08333333333333
J02459.1,16112,C,A,0/0,0/0,0/0,1/1,1/1,0,0,0,0,0,0,1,1,1,1,0.4,0,1,1.08333333333333
J02459.1,16114,G,T,1/1,1/1,1/1,0/0,0/0,1,1,1,1,1,1,0,0,0,0,0.6,1,0,1.08333333333333
J02459.1,16143,G,C,1/1,1/1,1/1,0/0,0/0,1,1,1,1,1,1,0,0,0,0,0.6,1,0,1.08333333333333
J02459.1,16155,G,T,0/1,0/1,0/1,0/0,0/0,0,1,0,1,0,1,0,0,0,0,0.3,0.5,0,0.30952380952381
J02459.1,16164,G,C,0/0,0/0,0/0,1/1,1/1,0,0,0,0,0,0,1,1,1,1,0.4,0,1,1.08333333333333
J02459.1,16331,T,C,0/0,0/0,0/0,1/1,1/1,0,0,0,0,0,0,1,1,1,1,0.4,0,1,1.08333333333333
J02459.1,16343,T,A,0/0,0/0,0/0,0/1,0/1,0,0,0,0,0,0,0,1,0,1,0.2,0,0.5,0.40625
J02459.1,16402,G,C,0/0,0/0,0/0,0/1,0/1,0,0,0,0,0,0,0,1,0,1,0.2,0,0.5,0.40625
J02459.1,16542,G,T,0/1,0/1,0/1,0/0,0/0,0,1,0,1,0,1,0,0,0,0,0.3,0.5,0,0.30952380952381
J02459.1,16710,C,G,0/0,0/0,0/0,0/1,0/1,0,0,0,0,0,0,0,1,0,1,0.2,0,0.5,0.40625
J02459.1,16737,G,A,0/0,0/0,0/0,0/1,0/1,0,0,0,0,0,0,0,1,0,1,0.2,0,0.5,0.40625
J02459.1,16812,T,A,0/0,0/0,0/0,0/1,0/1,0,0,0,0,0,0,0,1,0,1,0.2,0,0.5,0.40625
J02459.1,16846,G,T,0/0,0/0,0/0,0/1,0/1,0,0,0,0,0,0,0,1,0,1,0.2,0,0.5,0.40625
J02459.1,16930,G,T,0/1,0/1,0/1,0/0,0/0,0,1,0,1,0,1,0,0,0,0,0.3,0.5,0,0.30952380952381
J02459.1,16947,C,A,0/1,0/1,0/1,0/0,0/0,0,1,0,1,0,1,0,0,0,0,0.3,0.5,0,0.30952380952381
J02459.1,17072,T,G,0/0,0/0,0/0,1/1,1/1,0,0,0,0,0,0,1,1,1,1,0.4,0,1,1.08333333333333
J02459.1,17126,G,T,0/1,0/1,0/1,0/0,0/0,0,1,0,1,0,1,0,0,0,0,0.3,0.5,0,0.30952380952381
J02459.1,17133,G,A,1/1,1/1,1/1,0/0,0/0,1,1,1,1,1,1,0,0,0,0,0.6,1,0,1.08333333333333
J02459.1,17171,A,C,0/1,0/1,0/1,0/0,0/0,0,1,0,1,0,1,0,0,0,0,0.3,0.5,0,0.30952380952381
J02459.1,17181,G,C,0/1,0/1,0/1,0/0,0/0,0,1,0,1,0,1,0,0,0,0,0.3,0.5,0,0.30952380952381
J02459.1,17221,T,C,0/0,0/0,0/0,1/1,1/1,0,0,0,0,0,0,1,1,1,1,0.4,0,1,1.08333333333333
J02459.1,17263,A,G,0/0,0/0,0/0,1/1,1/1,0,0,0,0,0,0,1,1,1,1,0.4,0,1,1.08333333333333
J02459.1,17265,C,T,0/1,0/1,0/1,0/0,0/0,0,1,0,1,0,1,0,0,0,0,0.3,0.5,0,0.30952380952381
J02459.1,17356,C,T,0/0,0/0,0/0,0/1,0/1,0,0,0,0,0,0,0,1,0,1,0.2,0,0.5,0.40625
J02459.1,17365,G,T,0/0,0/0,0/0,0/1,0/1,0,0,0,0,0,0,0,1,0,1,0.2,0,0.5,0.40625
J02459.1,17393,C,G,0/0,0/0,0/0,1/1,1/1,0,0,0,0,0,0,1,1,1,1,0.4,0,1,1.08333333333333
J02459.1,17397,C,A,0/0,0/0,0/0,0/1,0/1,0,0,0,0,0,0,0,1,0,1,0.2,0,0.5,0.40625
J02459.1,17456,G,C,0/0,0/0,0/0,1/1,1/1,0,0,0,0,0,0,1,1,1,1,0.4,0,1,1.08333333333333
J02459.1,17519,G,T,0/0,0/0,0/0,1/1,1/1,0,0,0,0,0,0,1,1,1,1,0.4,0,1,1.08333333333333
J02459.1,17521,A,T,0/0,0/0,0/0,1/1,1/1,0,0,0,0,0,0,1,1,1,1,0.4,0,1,1.08333333333333
J02459.1,17571,G,T,0/0,0/0,0/0,1/1,1/1,0,0,0,0,0,0,1,1,1,1,0.4,0,1,1.08333333333333
J02459.1,17635,A,C,0/0,0/0,0/0,0/1,0/1,0,0,0,0,0,0,0,1,0,1,0.2,0,0.5,0.40625
J02459.1,17749,T,A,0/0,0/0,0/0,0/1,0/1,0,0,0,0,0,0,0,1,0,1,0.2,0,0.5,0.40625
J02459.1,17817,C,G,1/1,1/1,1/1,0/0,0/0,1,1,1,1,1,1,0,0,0,0,0.6,1,0,1.08333333333333
J02459.1,17875,A,C,1/1,1/1,1/1,0/0,0/0,1,1,1,1,1,1,0,0,0,0,0.6,1,0,1.08333333333333
J02459.1,18020,A,T,0/1,0/1,0/1,0/0,0/0,0,1,0,1,0,1,0,0,0,0,0.3,0.5,0,0.30952380952381
J02459.1,18048,T,C,0/0,0/0,0/0,1/1,1/1,0,0,0,0,0,0,1,1,1,1,0.4,0,1,1.08333333333333
J02459.1,18067,G,T,0/0,0/0,0/0,1/1,1/1,0,0,0,0,0,0,1,1,1,1,0.4,0,1,1.08333333333333
J02459.1,18212,C,T,0/1,0/1,0/1,0/0,0/0,0,1,0,1,0,1,0,0,0,0,0.3,0.5,0,0.30952380952381
J02459.1,18278,T,A,0/0,0/0,0/0,0/1,0/1,0,0,0,0,0,0,0,1,0,1,0.2,0,0.5,0.40625
J02459.1,18295,A,G,0/1,0/1,0/1,0/0,0/0,0,1,0,1,0,1,0,0,0,0,0.3,0.5,0,0.30952380952381
J02459.1,18298,C,T,1/1,1/1,1/1,0/0,0/0,1,1,1,1,1,1,0,0,0,0,0.6,1,0,1.08333333333333
J02459.1,18360,C,G,0/0,0/0,0/0,1/1,1/1,0,0,0,0,0,0,1,1,1,1,0.4,0,1,1.08333333333333
J02459.1,18376,A,C,1/1,1/1,1/1,0/0,0/0,1,1,1,1,1,1,0,0,0,0,0.6,1,0,1.08333333333333
J02459.1,18402,G,A,1/1,1/1,1/1,0/0,0/0,1,1,1,1,1,1,0,0,0,0,0.6,1,0,1.08333333333333
J02459.1,18428,A,T,0/0,0/0,0/0,1/1,1/1,0,0,0,0,0,0,1,1,1,1,0.4,0,1,1.08333333333333
J02459.1,18481,A,T,1/1,1/1,1/1,0/0,0/0,1,1,1,1,1,1,0,0,0,0,0.6,1,0,1.08333333333333
J02459.1,18482,T,C,0/0,0/0,0/0,0/1,0/1,0,0,0,0,0,0,0,1,0,1,0.2,0,0.5,0.40625
J02459.1,18544,G,C,0/1,0/1,0/1,0/0,0/0,0,1,0,1,0,1,0,0,0,0,0.3,0.5,0,0.30952380952381
J02459.1,18570,C,T,0/0,0/0,0/0,0/1,0/1,0,0,0,0,0,0,0,1,0,1,0.2,0,0.5,0.40625
J02459.1,18721,G,A,0/0,0/0,0/0,0/1,0/1,0,0,0,0,0,0,0,1,0,1,0.2,0,0.5,0.40625
J02459.1,18757,G,T,0/1,0/1,0/1,0/0,0/0,0,1,0,1,0,1,0,0,0,0,0.3,0.5,0,0.30952380952381
J02459.1,18782,T,G,0/0,0/0,0/0,0/1,0/1,0,0,0,0,0,0,0,1,0,1,0.2,0,0.5,0.40625
J02459.1,18868,A,C,0/0,0/0,0/0,0/1,0/1,0,0,0,0,0,0,0,1,0,1,0.2,0,0.5,0.40625
J02459.1,18897,G,A,0/0,0/0,0/0,0/1,0/1,0,0,0,0,0,0,0,1,0,1,0.2,0,0.5,0.40625
J02459.1,18939,T,C,0/1,0/1,0/1,0/0,0/0,0,1,0,1,0,1,0,0,0,0,0.3,0.5,0,0.30952380952381
J02459.1,18941,T,A,0/1,0/1,0/1,0/0,0/0,0,1,0,1,0,1,0,0,0,0,0.3,0.5,0,0.30952380952381
J02459.1,18969,G,T,1/1,1/1,1/1,0/0,0/0,1,1,1,1,1,1,0,0,0,0,0.6,1,0,1.08333333333333
J02459.1,19070,C,G,1/1,1/1,1/1,0/0,0/0,1,1,1,1,1,1,0,0,0,0,0.6,1,0,1.08333333333333
J02459.1,19099,G,T,0/1,0/1,0/1,0/0,0/0,0,1,0,1,0,1,0,0,0,0,0.3,0.5,0,0.30952380952381
J02459.1,19138,T,C,0/0,0/0,0/0,1/1,1/1,0,0,0,0,0,0,1,1,1,1,0.4,0,1,1.08333333333333
J02459.1,19346,C,T,0/0,0/0,0/0,0/1,0/1,0,0,0,0,0,0,0,1,0,1,0.2,0,0.5,0.40625
J02459.1,19354,G,T,0/1,0/1,0/1,0/0,0/0,0,1,0,1,0,1,0,0,0,0,0.3,0.5,0,0.30952380952381
J02459.1,19455,C,G,1/1,1/1,1/1,0/0,0/0,1,1,1,1,1,1,0,0,0,0,0.6,1,0,1.08333333333333
J02459.1,19469,G,A,0/0,0/0,0/0,0/1,0/1,0,0,0,0,0,0,0,1,0,1,0.2,0,0.5,0.40625
J02459.1,19478,C,G,0/0,0/0,0/0,0/1,0/1,0,0,0,0,0,0,0,1,0,1,0.2,0,0.5,0.40625
J02459.1,19479,A,C,1/1,1/1,1/1,0/0,0/0,1,1,1,1,1,1,0,0,0,0,0.6,1,0,1.08333333333333
J02459.1,19651,T,C,0/0,0/0,0/0,1/1,1/1,0,0,0,0,0,0,1,1,1,1,0.4,0,1,1.08333333333333
J02459.1,19663,T,G,0/0,0/0,0/0,0/1,0/1,0,0,0,0,0,0,0,1,0,1,0.2,0,0.5,0.40625
J02459.1,19728,A,C,0/0,0/0,0/0,0/1,0/1,0,0,0,0,0,0,0,1,0,1,0.2,0,0.5,0.40625
J02459.1,19748,G,T,0/1,0/1,0/1,0/0,0/0,0,1,0,1,0,1,0,0,0,0,0.3,0.5,0,0.30952380952381
J02459.1,19778,G,T,0/1,0/1,0/1,0/0,0/0,0,1,0,1,0,1,0,0,0,0,0.3,0.5,0,0.30952380952381
J02459.1,19850,T,A,0/0,0/0,0/0,1/1,1/1,0,0,0,0,0,0,1,1,1,1,0.4,0,1,1.08333333333333
J02459.1,19907,G,C,0/0,0/0,0/0,1/1,1/1,0,0,0,0,0,0,1,1,1,1,0.4,0,1,1.08333333333333
J02459.1,20166,G,C,0/1,0/1,0/1,0/0,0/0,0,1,0,1,0,1,0,0,0,0,0.3,0.5,0,0.30952380952381
J02459.1,20194,A,T,1/1,1/1,1/1,0/0,0/0,1,1,1,1,1,1,0,0,0,0,0.6,1,0,1.08333333333333
J02459.1,20218,C,A,0/0,0/0,0/0,0/1,0/1,0,0,0,0,0,0,0,1,0,1,0.2,0,0.5,0.40625
J02459.1,20253,G,C,0/1,0/1,0/1,0/0,0/0,0,1,0,1,0,1,0,0,0,0,0.3,0.5,0,0.30952380952381
J02459.1,20293,A,C,1/1,1/1,1/1,0/0,0/0,1,1,1,1,1,1,0,0,0,0,0.6,1,0,1.08333333333333
J02459.1,20319,A,C,1/1,1/1,1/1,0/0,0/0,1,1,1,1,1,1,0,0,0,0,0.6,1,0,1.08333333333333
J02459.1,20473,A,G,0/1,0/1,0/1,0/0,0/0,0,1,0,1,0,1,0,0,0,0,0.3,0.5,0,0.30952380952381
J02459.1,20665,A,G,0/1,0/1,0/1,0/0,0/0,0,1,0,1,0,1,0,0,0,0,0.3,0.5,0,0.30952380952381
J02459.1,20709,G,T,0/0,0/0,0/0,0/1,0/1,0,0,0,0,0,0,0,1,0,1,0.2,0,0.5,0.40625
J02459.1,20773,A,C,0/0,0/0,0/0,0/1,0/1,0,0,0,0,0,0,0,1,0,1,0.2,0,0.5,0.40625
J02459.1,20817,G,T,1/1,1/1,1/1,0/0,0/0,1,1,1,1,1,1,0,0,0,0,0.6,1,0,1.08333333333333
J02459.1,20829,A,T,0/1,0/1,0/1,0/0,0/0,0,1,0,1,0,1,0,0,0,0,0.3,0.5,0,0.30952380952381
J02459.1,20835,C,A,1/1,1/1,1/1,0/0,0/0,1,1,1,1,1,1,0,0,0,0,0.6,1,0,1.08333333333333
J02459.1,20866,A,T,0/0,0/0,0/0,0/1,0/1,0,0,0,0,0,0,0,1,0,1,0.2,0,0.5,0.40625
J02459.1,20874,C,G,0/1,0/1,0/1,0/0,0/0,0,1,0,1,0,1,0,0,0,0,0.3,0.5,0,0.30952380952381
J02459.1,20877,C,T,0/0,0/0,0/0,1/1,1/1,0,0,0,0,0,0,1,1,1,1,0.4,0,1,1.08333333333333
J02459.1,20891,A,T,0/0,0/0,0/0,1/1,1/1,0,0,0,0,0,0,1,1,1,1,0.4,0,1,1.08333333333333
J02459.1,20937,T,G,0/0,0/0,0/0,1/1,1/1,0,0,0,0,0,0,1,1,1,1,0.4,0,1,1.08333333333333
J02459.1,20941,A,T,1/1,1/1,1/1,0/0,0/0,1,1,1,1,1,1,0,0,0,0,0.6,1,0,1.08333333333333
J02459.1,21006,A,C,0/1,0/1,0/1,0/0,0/0,0,1,0,1,0,1,0,0,0,0,0.3,0.5,0,0.30952380952381
J02459.1,21045,C,G,0/0,0/0,0/0,1/1,1/1,0,0,0,0,0,0,1,1,1,1,0.4,0,1,1.08333333333333
J02459.1,21119,T,C,1/1,1/1,1/1,0/0,0/0,1,1,1,1,1,1,0,0,0,0,0.6,1,0,1.08333333333333
J02459.1,21203,C,A,0/0,0/0,0/0,1/1,1/1,0,0,0,0,0,0,1,1,1,1,0.4,0,1,1.08333333333333
J02459.1,21258,C,A,1/1,1/1,1/1,0/0,0/0,1,1,1,1,1,1,0,0,0,0,0.6,1,0,1.08333333333333
J02459.1,21368,G,A,0/0,0/0,0/0,1/1,1/1,0,0,0,0,0,0,1,1,1,1,0.4,0,1,1.08333333333333
J02459.1,21387,T,C,0/0,0/0,0/0,1/1,1/1,0,0,0,0,0,0,1,1,1,1,0.4,0,1,1.08333333333333
J02459.1,21413,G,A,0/0,0/0,0/0,0/1,0/1,0,0,0,0,0,0,0,1,0,1,0.2,0,0.5,0.40625
J02459.1,21495,C,A,0/0,0/0,0/0,0/1,0/1,0,0,0,0,0,0,0,1,0,1,0.2,0,0.5,0.40625
J02459.1,21498,C,T,0/0,0/0,0/0,1/1,1/1,0,0,0,0,0,0,1,1,1,1,0.4,0,1,1.08333333333333
J02459.1,21705,A,G,1/1,1/1,1/1,0/0,0/0,1,1,1,1,1,1,0,0,0,0,0.6,1,0,1.08333333333333
J02459.1,21960,T,C,1/1,1/1,1/1,0/0,0/0,1,1,1,1,1,1,0,0,0,0,0.6,1,0,1.08333333333333
J02459.1,22061,C,A,1/1,1/1,1/1,0/0,0/0,1,1,1,1,1,1,0,0,0,0,0.6,1,0,1.08333333333333
J02459.1,22070,C,G,0/0,0/0,0/0,0/1,0/1,0,0,0,0,0,0,0,1,0,1,0.2,0,0.5,0.40625
J02459.1,22115,C,G,0/1,0/1,0/1,0/0,0/0,0,1,0,1,0,1,0,0,0,0,0.3,0.5,0,0.30952380952381
J02459.1,22233,T,A,0/1,0/1,0/1,0/0,0/0,0,1,0,1,0,1,0,0,0,0,0.3,0.5,0,0.30952380952381
J02459.1,22274,C,A,0/0,0/0,0/0,0/1,0/1,0,0,0,0,0,0,0,1,0,1,0.2,0,0.5,0.40625
J02459.1,22462,C,T,0/0,0/0,0/0,0/1,0/1,0,0,0,0,0,0,0,1,0,1,0.2,0,0.5,0.40625
J02459.1,22469,C,A,0/0,0/0,0/0,0/1,0/1,0,0,0,0,0,0,0,1,0,1,0.2,0,0.5,0.40625
J02459.1,22514,C,T,0/1,0/1,0/1,0/0,0/0,0,1,0,1,0,1,0,0,0,0,0.3,0.5,0,0.30952380952381
J02459.1,22628,T,A,0/1,0/1,0/1,0/0,0/0,0,1,0,1,0,1,0,0,0,0,0.3,0.5,0,0.30952380952381
J02459.1,22663,G,C,0/0,0/0,0/0,0/1,0/1,0,0,0,0,0,0,0,1,0,1,0.2,0,0.5,0.40625
J02459.1,22931,T,C,0/0,0/0,0/0,0/1,0/1,0,0,0,0,0,0,0,1,0,1,0.2,0,0.5,0.40625
J02459.1,22940,A,C,0/0,0/0,0/0,0/1,0/1,0,0,0,0,0,0,0,1,0,1,0.2,0,0.5,0.40625
J02459.1,23037,T,C,1/1,1/1,1/1,0/0,0/0,1,1,1,1,1,1,0,0,0,0,0.6,1,0,1.08333333333333
J02459.1,23060,G,C,0/1,0/1,0/1,0/0,0/0,0,1,0,1,0,1,0,0,0,0,0.3,0.5,0,0.30952380952381
J02459.1,23076,A,C,0/1,0/1,0/1,0/0,0/0,0,1,0,1,0,1,0,0,0,0,0.3,0.5,0,0.30952380952381
J02459.1,23142,A,T,0/0,0/0,0/0,0/1,0/1,0,0,0,0,0,0,0,1,0,1,0.2,0,0.5,0.40625
J02459.1,23149,A,T,0/0,0/0,0/0,1/1,1/1,0,0,0,0,0,0,1,1,1,1,0.4,0,1,1.08333333333333
J02459.1,23204,C,T,0/1,0/1,0/1,0/0,0/0,0,1,0,1,0,1,0,0,0,0,0.3,0.5,0,0.30952380952381
J02459.1,23277,T,G,0/0,0/0,0/0,0/1,0/1,0,0,0,0,0,0,0,1,0,1,0.2,0,0.5,0.40625
J02459.1,23313,A,G,0/1,0/1,0/1,0/0,0/0,0,1,0,1,0,1,0,0,0,0,0.3,0.5,0,0.30952380952381
J02459.1,23432,A,T,0/1,0/1,0/1,0/0,0/0,0,1,0,1,0,1,0,0,0,0,0.3,0.5,0,0.30952380952381
J02459.1,23463,C,A,1/1,1/1,1/1,0/0,0/0,1,1,1,1,1,1,0,0,0,0,0.6,1,0,1.08333333333333
J02459.1,23552,T,A,0/1,0/1,0/1,0/0,0/0,0,1,0,1,0,1,0,0,0,0,0.3,0.5,0,0.30952380952381
J02459.1,23569,T,G,0/0,0/0,0/0,0/1,0/1,0,0,0,0,0,0,0,1,0,1,0.2,0,0.5,0.40625
J02459.1,23593,T,A,0/0,0/0,0/0,1/1,1/1,0,0,0,0,0,0,1,1,1,1,0.4,0,1,1.08333333333333
J02459.1,23611,A,G,0/0,0/0,0/0,0/1,0/1,0,0,0,0,0,0,0,1,0,1,0.2,0,0.5,0.40625
J02459.1,23646,A,T,0/1,0/1,0/1,0/0,0/0,0,1,0,1,0,1,0,0,0,0,0.3,0.5,0,0.30952380952381
J02459.1,23661,T,G,0/0,0/0,0/0,0/1,0/1,0,0,0,0,0,0,0,1,0,1,0.2,0,0.5,0.40625
J02459.1,23728,T,G,0/1,0/1,0/1,0/0,0/0,0,1,0,1,0,1,0,0,0,0,0.3,0.5,0,0.30952380952381
J02459.1,23730,G,A,0/0,0/0,0/0,0/1,0/1,0,0,0,0,0,0,0,1,0,1,0.2,0,0.5,0.40625
J02459.1,23740,A,T,0/0,0/0,0/0,0/1,0/1,0,0,0,0,0,0,0,1,0,1,0.2,0,0.5,0.40625
J02459.1,23770,T,C,0/0,0/0,0/0,0/1,0/1,0,0,0,0,0,0,0,1,0,1,0.2,0,0.5,0.40625
J02459.1,23778,A,T,0/0,0/0,0/0,1/1,1/1,0,0,0,0,0,0,1,1,1,1,0.4,0,1,1.08333333333333
J02459.1,23791,G,A,0/1,0/1,0/1,0/0,0/0,0,1,0,1,0,1,0,0,0,0,0.3,0.5,0,0.30952380952381
J02459.1,23793,T,G,0/0,0/0,0/0,0/1,0/1,0,0,0,0,0,0,0,1,0,1,0.2,0,0.5,0.40625
J02459.1,23821,T,A,0/0,0/0,0/0,1/1,1/1,0,0,0,0,0,0,1,1,1,1,0.4,0,1,1.08333333333333
J02459.1,23870,G,A,1/1,1/1,1/1,0/0,0/0,1,1,1,1,1,1,0,0,0,0,0.6,1,0,1.08333333333333
J02459.1,23918,T,G,0/0,0/0,0/0,0/1,0/1,0,0,0,0,0,0,0,1,0,1,0.2,0,0.5,0.40625
J02459.1,24104,A,T,0/1,0/1,0/1,0/0,0/0,0,1,0,1,0,1,0,0,0,0,0.3,0.5,0,0.30952380952381
J02459.1,24121,T,G,0/0,0/0,0/0,1/1,1/1,0,0,0,0,0,0,1,1,1,1,0.4,0,1,1.08333333333333
J02459.1,24129,G,T,0/1,0/1,0/1,0/0,0/0,0,1,0,1,0,1,0,0,0,0,0.3,0.5,0,0.30952380952381
J02459.1,24168,A,C,0/1,0/1,0/1,0/0,0/0,0,1,0,1,0,1,0,0,0,0,0.3,0.5,0,0.30952380952381
J02459.1,24174,C,A,0/1,0/1,0/1,0/0,0/0,0,1,0,1,0,1,0,0,0,0,0.3,0.5,0,0.30952380952381
J02459.1,24269,T,A,0/1,0/1,0/1,0/0,0/0,0,1,0,1,0,1,0,0,0,0,0.3,0.5,0,0.30952380952381
J02459.1,24272,G,A,1/1,1/1,1/1,0/0,0/0,1,1,1,1,1,1,0,0,0,0,0.6,1,0,1.08333333333333
J02459.1,24437,A,T,0/0,0/0,0/0,0/1,0/1,0,0,0,0,0,0,0,1,0,1,0.2,0,0.5,0.40625
J02459.1,24449,A,T,1/1,1/1,1/1,0/0,0/0,1,1,1,1,1,1,0,0,0,0,0.6,1,0,1.08333333333333
J02459.1,24518,T,C,0/0,0/0,0/0,0/1,0/1,0,0,0,0,0,0,0,1,0,1,0.2,0,0.5,0.40625
J02459.1,24585,T,A,0/0,0/0,0/0,0/1,0/1,0,0,0,0,0,0,0,1,0,1,0.2,0,0.5,0.40625
J02459.1,24594,A,C,0/0,0/0,0/0,0/1,0/1,0,0,0,0,0,0,0,1,0,1,0.2,0,0.5,0.40625
J02459.1,24631,G,A,0/0,0/0,0/0,1/1,1/1,0,0,0,0,0,0,1,1,1,1,0.4,0,1,1.08333333333333
J02459.1,24648,G,T,0/0,0/0,0/0,1/1,1/1,0,0,0,0,0,0,1,1,1,1,0.4,0,1,1.08333333333333
J02459.1,24723,G,C,0/1,0/1,0/1,0/0,0/0,0,1,0,1,0,1,0,0,0,0,0.3,0.5,0,0.30952380952381
J02459.1,24728,C,G,0/0,0/0,0/0,1/1,1/1,0,0,0,0,0,0,1,1,1,1,0.4,0,1,1.08333333333333
J02459.1,24868,A,G,0/0,0/0,0/0,1/1,1/1,0,0,0,0,0,0,1,1,1,1,0.4,0,1,1.08333333333333
J02459.1,24978,G,C,0/1,0/1,0/1,0/0,0/0,0,1,0,1,0,1,0,0,0,0,0.3,0.5,0,0.30952380952381
J02459.1,25004,A,G,0/1,0/1,0/1,0/0,0/0,0,1,0,1,0,1,0,0,0,0,0.3,0.5,0,0.30952380952381
J02459.1,25126,G,T,0/1,0/1,0/1,0/0,0/0,0,1,0,1,0,1,0,0,0,0,0.3,0.5,0,0.30952380952381
J02459.1,25338,C,A,0/1,0/1,0/1,0/0,0/0,0,1,0,1,0,1,0,0,0,0,0.3,0.5,0,0.30952380952381
J02459.1,25344,G,T,0/0,0/0,0/0,0/1,0/1,0,0,0,0,0,0,0,1,0,1,0.2,0,0.5,0.40625
J02459.1,25453,T,C,0/0,0/0,0/0,0/1,0/1,0,0,0,0,0,0,0,1,0,1,0.2,0,0.5,0.40625
J02459.1,25481,T,A,0/1,0/1,0/1,0/0,0/0,0,1,0,1,0,1,0,0,0,0,0.3,0.5,0,0.30952380952381
J02459.1,25550,G,T,0/0,0/0,0/0,1/1,1/1,0,0,0,0,0,0,1,1,1,1,0.4,0,1,1.08333333333333
J02459.1,25569,C,T,0/0,0/0,0/0,1/1,1/1,0,0,0,0,0,0,1,1,1,1,0.4,0,1,1.08333333333333
J02459.1,25623,T,G,0/1,0/1,0/1,0/0,0/0,0,1,0,1,0,1,0,0,0,0,0.3,0.5,0,0.30952380952381
J02459.1,25651,G,T,C,0/0,0/0,0/0,1/1,1/1,0,0,0,0,0,0,1,1,1,1,0.4,0,1,1.08333333333333
J02459.1,25661,A,C,0/0,0/0,0/0,1/1,1/1,0,0,0,0,0,0,1,1,1,1,0.4,0,1,1.08333333333333
J02459.1,25972,C,A,0/1,0/1,0/1,0/0,0/0,0,1,0,1,0,1,0,0,0,0,0.3,0.5,0,0.30952380952381
J02459.1,26032,T,A,0/1,0/1,0/1,0/0,0/0,0,1,0,1,0,1,0,0,0,0,0.3,0.5,0,0.30952380952381
J02459.1,26044,A,G,0/1,0/1,0/1,0/0,0/0,0,1,0,1,0,1,0,0,0,0,0.3,0.5,0,0.30952380952381
J02459.1,26067,T,A,0/1,0/1,0/1,0/0,0/0,0,1,0,1,0,1,0,0,0,0,0.3,0.5,0,0.30952380952381
J02459.1,26077,T,A,0/1,0/1,0/1,0/0,0/0,0,1,0,1,0,1,0,0,0,0,0.3,0.5,0,0.30952380952381
J02459.1,26117,A,G,1/1,1/1,1/1,0/0,0/0,1,1,1,1,1,1,0,0,0,0,0.6,1,0,1.08333333333333
J02459.1,26181,T,G,0/0,0/0,0/0,0/1,0/1,0,0,0,0,0,0,0,1,0,1,0.2,0,0.5,0.40625
J02459.1,26189,G,A,0/1,0/1,0/1,0/0,0/0,0,1,0,1,0,1,0,0,0,0,0.3,0.5,0,0.30952380952381
J02459.1,26260,A,T,0/0,0/0,0/0,0/1,0/1,0,0,0,0,0,0,0,1,0,1,0.2,0,0.5,0.40625
J02459.1,26278,T,C,0/1,0/1,0/1,0/0,0/0,0,1,0,1,0,1,0,0,0,0,0.3,0.5,0,0.30952380952381
J02459.1,26340,T,A,0/1,0/1,0/1,0/0,0/0,0,1,0,1,0,1,0,0,0,0,0.3,0.5,0,0.30952380952381
J02459.1,26348,A,G,0/1,0/1,0/1,0/0,0/0,0,1,0,1,0,1,0,0,0,0,0.3,0.5,0,0.30952380952381
J02459.1,26351,A,C,0/1,0/1,0/1,0/0,0/0,0,1,0,1,0,1,0,0,0,0,0.3,0.5,0,0.30952380952381
J02459.1,26460,T,C,0/1,0/1,0/1,0/0,0/0,0,1,0,1,0,1,0,0,0,0,0.3,0.5,0,0.30952380952381
J02459.1,26499,A,T,0/0,0/0,0/0,0/1,0/1,0,0,0,0,0,0,0,1,0,1,0.2,0,0.5,0.40625
J02459.1,26525,A,T,0/0,0/0,0/0,0/1,0/1,0,0,0,0,0,0,0,1,0,1,0.2,0,0.5,0.40625
J02459.1,26538,A,T,0/1,0/1,0/1,0/0,0/0,0,1,0,1,0,1,0,0,0,0,0.3,0.5,0,0.30952380952381
J02459.1,26561,G,A,1/1,1/1,1/1,0/0,0/0,1,1,1,1,1,1,0,0,0,0,0.6,1,0,1.08333333333333
J02459.1,26658,G,A,0/0,0/0,0/0,0/1,0/1,0,0,0,0,0,0,0,1,0,1,0.2,0,0.5,0.40625
J02459.1,26673,C,G,0/0,0/0,0/0,1/1,1/1,0,0,0,0,0,0,1,1,1,1,0.4,0,1,1.08333333333333
J02459.1,26718,C,T,0/0,0/0,0/0,0/1,0/1,0,0,0,0,0,0,0,1,0,1,0.2,0,0.5,0.40625
J02459.1,26761,T,G,0/0,0/0,0/0,0/1,0/1,0,0,0,0,0,0,0,1,0,1,0.2,0,0.5,0.40625
J02459.1,26913,C,T,0/0,0/0,0/0,0/1,0/1,0,0,0,0,0,0,0,1,0,1,0.2,0,0.5,0.40625
J02459.1,27084,T,G,0/1,0/1,0/1,0/0,0/0,0,1,0,1,0,1,0,0,0,0,0.3,0.5,0,0.30952380952381
J02459.1,27149,A,C,0/0,0/0,0/0,0/1,0/1,0,0,0,0,0,0,0,1,0,1,0.2,0,0.5,0.40625
J02459.1,27207,T,C,1/1,1/1,1/1,0/0,0/0,1,1,1,1,1,1,0,0,0,0,0.6,1,0,1.08333333333333
J02459.1,27219,A,C,0/1,0/1,0/1,0/0,0/0,0,1,0,1,0,1,0,0,0,0,0.3,0.5,0,0.30952380952381
J02459.1,27237,C,A,0/0,0/0,0/0,1/1,1/1,0,0,0,0,0,0,1,1,1,1,0.4,0,1,1.08333333333333
J02459.1,27278,A,C,0/1,0/1,0/1,0/0,0/0,0,1,0,1,0,1,0,0,0,0,0.3,0.5,0,0.30952380952381
J02459.1,27346,A,T,0/1,0/1,0/1,0/0,0/0,0,1,0,1,0,1,0,0,0,0,0.3,0.5,0,0.30952380952381
J02459.1,27424,T,A,0/1,0/1,0/1,0/0,0/0,0,1,0,1,0,1,0,0,0,0,0.3,0.5,0,0.30952380952381
J02459.1,27559,A,C,0/0,0/0,0/0,1/1,1/1,0,0,0,0,0,0,1,1,1,1,0.4,0,1,1.08333333333333
J02459.1,27655,G,C,1/1,1/1,1/1,0/0,0/0,1,1,1,1,1,1,0,0,0,0,0.6,1,0,1.08333333333333
J02459.1,27672,C,A,0/0,0/0,0/0,0/1,0/1,0,0,0,0,0,0,0,1,0,1,0.2,0,0.5,0.40625
J02459.1,27684,T,G,1/1,1/1,1/1,0/0,0/0,1,1,1,1,1,1,0,0,0,0,0.6,1,0,1.08333333333333
J02459.1,27698,T,A,0/1,0/1,0/1,0/0,0/0,0,1,0,1,0,1,0,0,0,0,0.3,0.5,0,0.30952380952381
J02459.1,27756,G,C,1/1,1/1,1/1,0/0,0/0,1,1,1,1,1,1,0,0,0,0,0.6,1,0,1.08333333333333
J02459.1,27802,A,G,1/1,1/1,1/1,0/0,0/0,1,1,1,1,1,1,0,0,0,0,0.6,1,0,1.08333333333333
J02459.1,27845,T,G,1/1,1/1,1/1,0/0,0/0,1,1,1,1,1,1,0,0,0,0,0.6,1,0,1.08333333333333
J02459.1,27887,C,T,0/1,0/1,0/1,0/0,0/0,0,1,0,1,0,1,0,0,0,0,0.3,0.5,0,0.30952380952381
J02459.1,28029,A,T,0/0,0/0,0/0,0/1,0/1,0,0,0,0,0,0,0,1,0,1,0.2,0,0.5,0.40625
J02459.1,28121,T,C,0/0,0/0,0/0,0/1,0/1,0,0,0,0,0,0,0,1,0,1,0.2,0,0.5,0.40625
J02459.1,28179,T,G,0/1,0/1,0/1,0/0,0/0,0,1,0,1,0,1,0,0,0,0,0.3,0.5,0,0.30952380952381
J02459.1,28208,T,G,0/0,0/0,0/0,1/1,1/1,0,0,0,0,0,0,1,1,1,1,0.4,0,1,1.08333333333333
J02459.1,28230,T,G,0/0,0/0,0/0,0/1,0/1,0,0,0,0,0,0,0,1,0,1,0.2,0,0.5,0.40625
J02459.1,28244,A,T,0/1,0/1,0/1,0/0,0/0,0,1,0,1,0,1,0,0,0,0,0.3,0.5,0,0.30952380952381
J02459.1,28293,C,G,0/0,0/0,0/0,1/1,1/1,0,0,0,0,0,0,1,1,1,1,0.4,0,1,1.08333333333333
J02459.1,28315,G,C,0/0,0/0,0/0,1/1,1/1,0,0,0,0,0,0,1,1,1,1,0.4,0,1,1.08333333333333
J02459.1,28423,C,G,0/1,0/1,0/1,0/0,0/0,0,1,0,1,0,1,0,0,0,0,0.3,0.5,0,0.30952380952381
J02459.1,28455,A,G,0/0,0/0,0/0,1/1,1/1,0,0,0,0,0,0,1,1,1,1,0.4,0,1,1.08333333333333
J02459.1,28497,T,C,0/0,0/0,0/0,1/1,1/1,0,0,0,0,0,0,1,1,1,1,0.4,0,1,1.08333333333333
J02459.1,28548,G,A,0/0,0/0,0/0,1/1,1/1,0,0,0,0,0,0,1,1,1,1,0.4,0,1,1.08333333333333
J02459.1,28558,T,A,0/1,0/1,0/1,0/0,0/0,0,1,0,1,0,1,0,0,0,0,0.3,0.5,0,0.30952380952381
J02459.1,28730,G,A,0/1,0/1,0/1,0/0,0/0,0,1,0,1,0,1,0,0,0,0,0.3,0.5,0,0.30952380952381
J02459.1,28735,G,A,1/1,1/1,1/1,0/0,0/0,1,1,1,1,1,1,0,0,0,0,0.6,1,0,1.08333333333333
J02459.1,28744,C,G,0/0,0/0,0/0,1/1,1/1,0,0,0,0,0,0,1,1,1,1,0.4,0,1,1.08333333333333
J02459.1,28793,C,T,0/1,0/1,0/1,0/0,0/0,0,1,0,1,0,1,0,0,0,0,0.3,0.5,0,0.30952380952381
J02459.1,28797,G,C,0/0,0/0,0/0,0/1,0/1,0,0,0,0,0,0,0,1,0,1,0.2,0,0.5,0.40625
J02459.1,28806,T,A,0/1,0/1,0/1,0/0,0/0,0,1,0,1,0,1,0,0,0,0,0.3,0.5,0,0.30952380952381
J02459.1,28924,A,T,0/0,0/0,0/0,0/1,0/1,0,0,0,0,0,0,0,1,0,1,0.2,0,0.5,0.40625
J02459.1,29044,T,G,0/0,0/0,0/0,1/1,1/1,0,0,0,0,0,0,1,1,1,1,0.4,0,1,1.08333333333333
J02459.1,29076,C,G,0/0,0/0,0/0,0/1,0/1,0,0,0,0,0,0,0,1,0,1,0.2,0,0.5,0.40625
J02459.1,29124,G,A,0/1,0/1,0/1,0/0,0/0,0,1,0,1,0,1,0,0,0,0,0.3,0.5,0,0.30952380952381
J02459.1,29203,T,G,0/0,0/0,0/0,0/1,0/1,0,0,0,0,0,0,0,1,0,1,0.2,0,0.5,0.40625
J02459.1,29247,T,G,0/1,0/1,0/1,0/0,0/0,0,1,0,1,0,1,0,0,0,0,0.3,0.5,0,0.30952380952381
J02459.1,29324,C,G,0/1,0/1,0/1,0/0,0/0,0,1,0,1,0,1,0,0,0,0,0.3,0.5,0,0.30952380952381
J02459.1,29396,C,T,0/1,0/1,0/1,0/0,0/0,0,1,0,1,0,1,0,0,0,0,0.3,0.5,0,0.30952380952381
J02459.1,29431,A,G,0/0,0/0,0/0,0/1,0/1,0,0,0,0,0,0,0,1,0,1,0.2,0,0.5,0.40625
J02459.1,29437,A,T,0/1,0/1,0/1,0/0,0/0,0,1,0,1,0,1,0,0,0,0,0.3,0.5,0,0.30952380952381
J02459.1,29500,A,T,1/1,1/1,1/1,0/0,0/0,1,1,1,1,1,1,0,0,0,0,0.6,1,0,1.08333333333333
J02459.1,29575,G,A,0/0,0/0,0/0,0/1,0/1,0,0,0,0,0,0,0,1,0,1,0.2,0,0.5,0.40625
J02459.1,29581,A,C,0/1,0/1,0/1,0/0,0/0,0,1,0,1,0,1,0,0,0,0,0.3,0.5,0,0.30952380952381
J02459.1,29685,C,A,0/0,0/0,0/0,1/1,1/1,0,0,0,0,0,0,1,1,1,1,0.4,0,1,1.08333333333333
J02459.1,29702,C,A,0/1,0/1,0/1,0/0,0/0,0,1,0,1,0,1,0,0,0,0,0.3,0.5,0,0.30952380952381
J02459.1,29729,T,G,0/1,0/1,0/1,0/0,0/0,0,1,0,1,0,1,0,0,0,0,0.3,0.5,0,0.30952380952381
J02459.1,29835,A,T,0/1,0/1,0/1,0/0,0/0,0,1,0,1,0,1,0,0,0,0,0.3,0.5,0,0.30952380952381
J02459.1,29840,A,G,0/0,0/0,0/0,0/1,0/1,0,0,0,0,0,0,0,1,0,1,0.2,0,0.5,0.40625
J02459.1,29915,A,G,0/1,0/1,0/1,0/0,0/0,0,1,0,1,0,1,0,0,0,0,0.3,0.5,0,0.30952380952381
J02459.1,29922,T,A,0/0,0/0,0/0,0/1,0/1,0,0,0,0,0,0,0,1,0,1,0.2,0,0.5,0.40625
J02459.1,30017,A,T,0/1,0/1,0/1,0/0,0/0,0,1,0,1,0,1,0,0,0,0,0.3,0.5,0,0.30952380952381
J02459.1,30036,C,T,1/1,1/1,1/1,0/0,0/0,1,1,1,1,1,1,0,0,0,0,0.6,1,0,1.08333333333333
J02459.1,30044,G,T,0/0,0/0,0/0,0/1,0/1,0,0,0,0,0,0,0,1,0,1,0.2,0,0.5,0.40625
J02459.1,30085,T,C,0/1,0/1,0/1,0/0,0/0,0,1,0,1,0,1,0,0,0,0,0.3,0.5,0,0.30952380952381
J02459.1,30089,T,G,1/1,1/1,1/1,0/0,0/0,1,1,1,1,1,1,0,0,0,0,0.6,1,0,1.08333333333333
J02459.1,30205,G,C,0/0,0/0,0/0,0/1,0/1,0,0,0,0,0,0,0,1,0,1,0.2,0,0.5,0.40625
J02459.1,30264,C,T,0/0,0/0,0/0,1/1,1/1,0,0,0,0,0,0,1,1,1,1,0.4,0,1,1.08333333333333
J02459.1,30281,C,T,1/1,1/1,1/1,0/0,0/0,1,1,1,1,1,1,0,0,0,0,0.6,1,0,1.08333333333333
J02459.1,30331,C,G,1/1,1/1,1/1,0/0,0/0,1,1,1,1,1,1,0,0,0,0,0.6,1,0,1.08333333333333
J02459.1,30680,C,A,0/1,0/1,0/1,0/0,0/0,0,1,0,1,0,1,0,0,0,0,0.3,0.5,0,0.30952380952381
J02459.1,30710,G,T,0/1,0/1,0/1,0/0,0/0,0,1,0,1,0,1,0,0,0,0,0.3,0.5,0,0.30952380952381
J02459.1,30755,C,A,0/0,0/0,0/0,0/1,0/1,0,0,0,0,0,0,0,1,0,1,0.2,0,0.5,0.40625
J02459.1,30927,A,T,0/1,0/1,0/1,0/0,0/0,0,1,0,1,0,1,0,0,0,0,0.3,0.5,0,0.30952380952381
J02459.1,30980,G,A,0/0,0/0,0/0,0/1,0/1,0,0,0,0,0,0,0,1,0,1,0.2,0,0.5,0.40625
J02459.1,30991,G,T,1/1,1/1,1/1,0/0,0/0,1,1,1,1,1,1,0,0,0,0,0.6,1,0,1.08333333333333
J02459.1,31025,C,A,0/1,0/1,0/1,0/0,0/0,0,1,0,1,0,1,0,0,0,0,0.3,0.5,0,0.30952380952381
J02459.1,31068,G,C,0/0,0/0,0/0,0/1,0/1,0,0,0,0,0,0,0,1,0,1,0.2,0,0.5,0.40625
J02459.1,31090,T,A,0/0,0/0,0/0,0/1,0/1,0,0,0,0,0,0,0,1,0,1,0.2,0,0.5,0.40625
J02459.1,31184,A,T,0/0,0/0,0/0,0/1,0/1,0,0,0,0,0,0,0,1,0,1,0.2,0,0.5,0.40625
J02459.1,31199,A,G,1/1,1/1,1/1,0/0,0/0,1,1,1,1,1,1,0,0,0,0,0.6,1,0,1.08333333333333
J02459.1,31319,G,A,0/0,0/0,0/0,0/1,0/1,0,0,0,0,0,0,0,1,0,1,0.2,0,0.5,0.40625
J02459.1,31391,G,C,0/0,0/0,0/0,0/1,0/1,0,0,0,0,0,0,0,1,0,1,0.2,0,0.5,0.40625
J02459.1,31546,G,C,0/0,0/0,0/0,0/1,0/1,0,0,0,0,0,0,0,1,0,1,0.2,0,0.5,0.40625
J02459.1,31640,A,T,0/1,0/1,0/1,0/0,0/0,0,1,0,1,0,1,0,0,0,0,0.3,0.5,0,0.30952380952381
J02459.1,31790,C,A,0/0,0/0,0/0,1/1,1/1,0,0,0,0,0,0,1,1,1,1,0.4,0,1,1.08333333333333
J02459.1,31818,G,T,0/1,0/1,0/1,0/0,0/0,0,1,0,1,0,1,0,0,0,0,0.3,0.5,0,0.30952380952381
J02459.1,31881,A,C,0/0,0/0,0/0,0/1,0/1,0,0,0,0,0,0,0,1,0,1,0.2,0,0.5,0.40625
J02459.1,31926,A,T,0/0,0/0,0/0,0/1,0/1,0,0,0,0,0,0,0,1,0,1,0.2,0,0.5,0.40625
J02459.1,31946,C,A,0/1,0/1,0/1,0/0,0/0,0,1,0,1,0,1,0,0,0,0,0.3,0.5,0,0.30952380952381
J02459.1,31974,G,C,1/1,1/1,1/1,0/0,0/0,1,1,1,1,1,1,0,0,0,0,0.6,1,0,1.08333333333333
J02459.1,32021,G,C,0/1,0/1,0/1,0/0,0/0,0,1,0,1,0,1,0,0,0,0,0.3,0.5,0,0.30952380952381
J02459.1,32033,C,A,1/1,1/1,1/1,0/0,0/0,1,1,1,1,1,1,0,0,0,0,0.6,1,0,1.08333333333333
J02459.1,32074,G,A,0/1,0/1,0/1,0/0,0/0,0,1,0,1,0,1,0,0,0,0,0.3,0.5,0,0.30952380952381
J02459.1,32087,C,T,0/0,0/0,0/0,0/1,0/1,0,0,0,0,0,0,0,1,0,1,0.2,0,0.5,0.40625
J02459.1,32161,T,A,1/1,1/1,1/1,0/0,0/0,1,1,1,1,1,1,0,0,0,0,0.6,1,0,1.08333333333333
J02459.1,32183,T,C,0/0,0/0,0/0,0/1,0/1,0,0,0,0,0,0,0,1,0,1,0.2,0,0.5,0.40625
J02459.1,32286,G,C,0/1,0/1,0/1,0/0,0/0,0,1,0,1,0,1,0,0,0,0,0.3,0.5,0,0.30952380952381
J02459.1,32306,T,G,0/0,0/0,0/0,1/1,1/1,0,0,0,0,0,0,1,1,1,1,0.4,0,1,1.08333333333333
J02459.1,32349,T,C,0/0,0/0,0/0,0/1,0/1,0,0,0,0,0,0,0,1,0,1,0.2,0,0.5,0.40625
J02459.1,32385,C,G,0/1,0/1,0/1,0/0,0/0,0,1,0,1,0,1,0,0,0,0,0.3,0.5,0,0.30952380952381
J02459.1,32420,A,C,0/0,0/0,0/0,0/1,0/1,0,0,0,0,0,0,0,1,0,1,0.2,0,0.5,0.40625
J02459.1,32436,T,G,0/0,0/0,0/0,1/1,1/1,0,0,0,0,0,0,1,1,1,1,0.4,0,1,1.08333333333333
J02459.1,32507,C,T,1/1,1/1,1/1,0/0,0/0,1,1,1,1,1,1,0,0,0,0,0.6,1,0,1.08333333333333
J02459.1,32536,A,G,0/0,0/0,0/0,0/1,0/1,0,0,0,0,0,0,0,1,0,1,0.2,0,0.5,0.40625
J02459.1,32626,T,G,0/0,0/0,0/0,0/1,0/1,0,0,0,0,0,0,0,1,0,1,0.2,0,0.5,0.40625
J02459.1,32633,T,G,0/0,0/0,0/0,0/1,0/1,0,0,0,0,0,0,0,1,0,1,0.2,0,0.5,0.40625
J02459.1,32769,T,C,0/1,0/1,0/1,0/0,0/0,0,1,0,1,0,1,0,0,0,0,0.3,0.5,0,0.30952380952381
J02459.1,32789,G,C,0/0,0/0,0/0,1/1,1/1,0,0,0,0,0,0,1,1,1,1,0.4,0,1,1.08333333333333
J02459.1,32918,C,T,0/1,0/1,0/1,0/0,0/0,0,1,0,1,0,1,0,0,0,0,0.3,0.5,0,0.30952380952381
J02459.1,32956,G,T,0/1,0/1,0/1,0/0,0/0,0,1,0,1,0,1,0,0,0,0,0.3,0.5,0,0.30952380952381
J02459.1,32961,T,A,0/1,0/1,0/1,0/0,0/0,0,1,0,1,0,1,0,0,0,0,0.3,0.5,0,0.30952380952381
J02459.1,33098,G,T,0/0,0/0,0/0,0/1,0/1,0,0,0,0,0,0,0,1,0,1,0.2,0,0.5,0.40625
J02459.1,33270,C,G,0/1,0/1,0/1,0/0,0/0,0,1,0,1,0,1,0,0,0,0,0.3,0.5,0,0.30952380952381
J02459.1,33365,A,C,0/1,0/1,0/1,0/0,0/0,0,1,0,1,0,1,0,0,0,0,0.3,0.5,0,0.30952380952381
J02459.1,33572,T,G,0/0,0/0,0/0,0/1,0/1,0,0,0,0,0,0,0,1,0,1,0.2,0,0.5,0.40625
J02459.1,33618,T,C,0/0,0/0,0/0,0/1,0/1,0,0,0,0,0,0,0,1,0,1,0.2,0,0.5,0.40625
J02459.1,33637,C,T,0/1,0/1,0/1,0/0,0/0,0,1,0,1,0,1,0,0,0,0,0.3,0.5,0,0.30952380952381
J02459.1,33771,A,C,0/1,0/1,0/1,0/0,0/0,0,1,0,1,0,1,0,0,0,0,0.3,0.5,0,0.30952380952381
J02459.1,33781,C,T,1/1,1/1,1/1,0/0,0/0,1,1,1,1,1,1,0,0,0,0,0.6,1,0,1.08333333333333
J02459.1,33784,A,T,0/0,0/0,0/0,0/1,0/1,0,0,0,0,0,0,0,1,0,1,0.2,0,0.5,0.40625
J02459.1,33791,C,G,0/0,0/0,0/0,1/1,1/1,0,0,0,0,0,0,1,1,1,1,0.4,0,1,1.08333333333333
J02459.1,33794,G,A,1/1,1/1,1/1,0/0,0/0,1,1,1,1,1,1,0,0,0,0,0.6,1,0,1.08333333333333
J02459.1,33802,T,A,1/1,1/1,1/1,0/0,0/0,1,1,1,1,1,1,0,0,0,0,0.6,1,0,1.08333333333333
J02459.1,33838,G,T,1/1,1/1,1/1,0/0,0/0,1,1,1,1,1,1,0,0,0,0,0.6,1,0,1.08333333333333
J02459.1,33854,T,C,0/1,0/1,0/1,0/0,0/0,0,1,0,1,0,1,0,0,0,0,0.3,0.5,0,0.30952380952381
J02459.1,33922,G,C,0/1,0/1,0/1,0/0,0/0,0,1,0,1,0,1,0,0,0,0,0.3,0.5,0,0.30952380952381
J02459.1,34101,T,C,0/1,0/1,0/1,0/0,0/0,0,1,0,1,0,1,0,0,0,0,0.3,0.5,0,0.30952380952381
J02459.1,34102,G,A,1/1,1/1,1/1,0/0,0/0,1,1,1,1,1,1,0,0,0,0,0.6,1,0,1.08333333333333
J02459.1,34116,G,C,0/1,0/1,0/1,0/0,0/0,0,1,0,1,0,1,0,0,0,0,0.3,0.5,0,0.30952380952381
J02459.1,34161,C,T,0/1,0/1,0/1,0/0,0/0,0,1,0,1,0,1,0,0,0,0,0.3,0.5,0,0.30952380952381
J02459.1,34226,T,A,0/0,0/0,0/0,0/1,0/1,0,0,0,0,0,0,0,1,0,1,0.2,0,0.5,0.40625
J02459.1,34258,C,A,0/0,0/0,0/0,1/1,1/1,0,0,0,0,0,0,1,1,1,1,0.4,0,1,1.08333333333333
J02459.1,34315,C,G,0/0,0/0,0/0,1/1,1/1,0,0,0,0,0,0,1,1,1,1,0.4,0,1,1.08333333333333
J02459.1,34412,A,T,1/1,1/1,1/1,0/0,0/0,1,1,1,1,1,1,0,0,0,0,0.6,1,0,1.08333333333333
J02459.1,34440,C,G,0/0,0/0,0/0,0/1,0/1,0,0,0,0,0,0,0,1,0,1,0.2,0,0.5,0.40625
J02459.1,34468,A,G,0/1,0/1,0/1,0/0,0/0,0,1,0,1,0,1,0,0,0,0,0.3,0.5,0,0.30952380952381
J02459.1,34500,G,C,0/0,0/0,0/0,0/1,0/1,0,0,0,0,0,0,0,1,0,1,0.2,0,0.5,0.40625
J02459.1,34687,T,A,0/0,0/0,0/0,0/1,0/1,0,0,0,0,0,0,0,1,0,1,0.2,0,0.5,0.40625
J02459.1,34727,T,A,0/1,0/1,0/1,0/0,0/0,0,1,0,1,0,1,0,0,0,0,0.3,0.5,0,0.30952380952381
J02459.1,34784,A,C,0/0,0/0,0/0,1/1,1/1,0,0,0,0,0,0,1,1,1,1,0.4,0,1,1.08333333333333
J02459.1,34808,A,G,0/0,0/0,0/0,1/1,1/1,0,0,0,0,0,0,1,1,1,1,0.4,0,1,1.08333333333333
J02459.1,34820,G,A,0/1,0/1,0/1,0/0,0/0,0,1,0,1,0,1,0,0,0,0,0.3,0.5,0,0.30952380952381
J02459.1,34822,G,T,1/1,1/1,1/1,0/0,0/0,1,1,1,1,1,1,0,0,0,0,0.6,1,0,1.08333333333333
J02459.1,34889,G,A,0/0,0/0,0/0,0/1,0/1,0,0,0,0,0,0,0,1,0,1,0.2,0,0.5,0.40625
J02459.1,34895,G,A,0/1,0/1,0/1,0/0,0/0,0,1,0,1,0,1,0,0,0,0,0.3,0.5,0,0.30952380952381
J02459.1,34949,C,T,0/0,0/0,0/0,0/1,0/1,0,0,0,0,0,0,0,1,0,1,0.2,0,0.5,0.40625
J02459.1,35016,C,T,0/0,0/0,0/0,0/1,0/1,0,0,0,0,0,0,0,1,0,1,0.2,0,0.5,0.40625
J02459.1,35029,C,A,0/0,0/0,0/0,1/1,1/1,0,0,0,0,0,0,1,1,1,1,0.4,0,1,1.08333333333333
J02459.1,35112,G,T,0/0,0/0,0/0,0/1,0/1,0,0,0,0,0,0,0,1,0,1,0.2,0,0.5,0.40625
J02459.1,35174,A,C,0/1,0/1,0/1,0/0,0/0,0,1,0,1,0,1,0,0,0,0,0.3,0.5,0,0.30952380952381
J02459.1,35218,A,T,0/0,0/0,0/0,0/1,0/1,0,0,0,0,0,0,0,1,0,1,0.2,0,0.5,0.40625
J02459.1,35266,G,C,0/1,0/1,0/1,0/0,0/0,0,1,0,1,0,1,0,0,0,0,0.3,0.5,0,0.30952380952381
J02459.1,35270,T,C,0/0,0/0,0/0,0/1,0/1,0,0,0,0,0,0,0,1,0,1,0.2,0,0.5,0.40625
J02459.1,35292,G,T,0/0,0/0,0/0,1/1,1/1,0,0,0,0,0,0,1,1,1,1,0.4,0,1,1.08333333333333
J02459.1,35305,T,C,1/1,1/1,1/1,0/0,0/0,1,1,1,1,1,1,0,0,0,0,0.6,1,0,1.08333333333333
J02459.1,35383,T,G,1/1,1/1,1/1,0/0,0/0,1,1,1,1,1,1,0,0,0,0,0.6,1,0,1.08333333333333
J02459.1,35384,T,G,1/1,1/1,1/1,0/0,0/0,1,1,1,1,1,1,0,0,0,0,0.6,1,0,1.08333333333333
J02459.1,35395,T,C,0/0,0/0,0/0,1/1,1/1,0,0,0,0,0,0,1,1,1,1,0.4,0,1,1.08333333333333
J02459.1,35587,T,G,0/1,0/1,0/1,0/0,0/0,0,1,0,1,0,1,0,0,0,0,0.3,0.5,0,0.30952380952381
J02459.1,35645,G,C,1/1,1/1,1/1,0/0,0/0,1,1,1,1,1,1,0,0,0,0,0.6,1,0,1.08333333333333
J02459.1,35676,T,C,0/0,0/0,0/0,0/1,0/1,0,0,0,0,0,0,0,1,0,1,0.2,0,0.5,0.40625
J02459.1,35708,G,T,0/0,0/0,0/0,0/1,0/1,0,0,0,0,0,0,0,1,0,1,0.2,0,0.5,0.40625
J02459.1,35819,G,T,0/0,0/0,0/0,0/1,0/1,0,0,0,0,0,0,0,1,0,1,0.2,0,0.5,0.40625
J02459.1,35849,A,T,0/0,0/0,0/0,0/1,0/1,0,0,0,0,0,0,0,1,0,1,0.2,0,0.5,0.40625
J02459.1,35866,G,A,0/0,0/0,0/0,0/1,0/1,0,0,0,0,0,0,0,1,0,1,0.2,0,0.5,0.40625
J02459.1,35890,C,A,0/1,0/1,0/1,0/0,0/0,0,1,0,1,0,1,0,0,0,0,0.3,0.5,0,0.30952380952381
J02459.1,35972,T,G,1/1,1/1,1/1,0/0,0/0,1,1,1,1,1,1,0,0,0,0,0.6,1,0,1.08333333333333
J02459.1,36051,C,A,0/0,0/0,0/0,1/1,1/1,0,0,0,0,0,0,1,1,1,1,0.4,0,1,1.08333333333333
J02459.1,36155,A,T,0/1,0/1,0/1,0/0,0/0,0,1,0,1,0,1,0,0,0,0,0.3,0.5,0,0.30952380952381
J02459.1,36158,A,C,1/1,1/1,1/1,0/0,0/0,1,1,1,1,1,1,0,0,0,0,0.6,1,0,1.08333333333333
J02459.1,36167,A,G,0/0,0/0,0/0,0/1,0/1,0,0,0,0,0,0,0,1,0,1,0.2,0,0.5,0.40625
J02459.1,36180,C,T,0/0,0/0,0/0,1/1,1/1,0,0,0,0,0,0,1,1,1,1,0.4,0,1,1.08333333333333
J02459.1,36184,A,G,0/0,0/0,0/0,0/1,0/1,0,0,0,0,0,0,0,1,0,1,0.2,0,0.5,0.40625
J02459.1,36259,T,G,0/1,0/1,0/1,0/0,0/0,0,1,0,1,0,1,0,0,0,0,0.3,0.5,0,0.30952380952381
J02459.1,36335,T,A,0/0,0/0,0/0,1/1,1/1,0,0,0,0,0,0,1,1,1,1,0.4,0,1,1.08333333333333
J02459.1,36372,T,G,0/0,0/0,0/0,0/1,0/1,0,0,0,0,0,0,0,1,0,1,0.2,0,0.5,0.40625
J02459.1,36399,A,C,0/0,0/0,0/0,0/1,0/1,0,0,0,0,0,0,0,1,0,1,0.2,0,0.5,0.40625
J02459.1,36558,A,C,1/1,1/1,1/1,0/0,0/0,1,1,1,1,1,1,0,0,0,0,0.6,1,0,1.08333333333333
J02459.1,36592,C,G,0/0,0/0,0/0,0/1,0/1,0,0,0,0,0,0,0,1,0,1,0.2,0,0.5,0.40625
J02459.1,36675,A,T,1/1,1/1,1/1,0/0,0/0,1,1,1,1,1,1,0,0,0,0,0.6,1,0,1.08333333333333
J02459.1,36680,A,C,0/1,0/1,0/1,0/0,0/0,0,1,0,1,0,1,0,0,0,0,0.3,0.5,0,0.30952380952381
J02459.1,36694,T,C,0/1,0/1,0/1,0/0,0/0,0,1,0,1,0,1,0,0,0,0,0.3,0.5,0,0.30952380952381
J02459.1,36898,C,G,1/1,1/1,1/1,0/0,0/0,1,1,1,1,1,1,0,0,0,0,0.6,1,0,1.08333333333333
J02459.1,36938,T,G,0/1,0/1,0/1,0/0,0/0,0,1,0,1,0,1,0,0,0,0,0.3,0.5,0,0.30952380952381
J02459.1,36999,A,C,0/0,0/0,0/0,0/1,0/1,0,0,0,0,0,0,0,1,0,1,0.2,0,0.5,0.40625
J02459.1,37023,A,G,0/0,0/0,0/0,0/1,0/1,0,0,0,0,0,0,0,1,0,1,0.2,0,0.5,0.40625
J02459.1,37071,C,T,0/1,0/1,0/1,0/0,0/0,0,1,0,1,0,1,0,0,0,0,0.3,0.5,0,0.30952380952381
J02459.1,37152,T,G,0/1,0/1,0/1,0/0,0/0,0,1,0,1,0,1,0,0,0,0,0.3,0.5,0,0.30952380952381
J02459.1,37168,T,G,0/0,0/0,0/0,0/1,0/1,0,0,0,0,0,0,0,1,0,1,0.2,0,0.5,0.40625
J02459.1,37203,G,C,1/1,1/1,1/1,0/0,0/0,1,1,1,1,1,1,0,0,0,0,0.6,1,0,1.08333333333333
J02459.1,37227,T,C,0/0,0/0,0/0,0/1,0/1,0,0,0,0,0,0,0,1,0,1,0.2,0,0.5,0.40625
J02459.1,37320,T,A,0/0,0/0,0/0,0/1,0/1,0,0,0,0,0,0,0,1,0,1,0.2,0,0.5,0.40625
J02459.1,37372,A,T,0/0,0/0,0/0,1/1,1/1,0,0,0,0,0,0,1,1,1,1,0.4,0,1,1.08333333333333
J02459.1,37473,G,T,0/0,0/0,0/0,1/1,1/1,0,0,0,0,0,0,1,1,1,1,0.4,0,1,1.08333333333333
J02459.1,37502,C,A,0/1,0/1,0/1,0/0,0/0,0,1,0,1,0,1,0,0,0,0,0.3,0.5,0,0.30952380952381
J02459.1,37559,C,A,0/1,0/1,0/1,0/0,0/0,0,1,0,1,0,1,0,0,0,0,0.3,0.5,0,0.30952380952381
J02459.1,37601,T,C,0/0,0/0,0/0,1/1,1/1,0,0,0,0,0,0,1,1,1,1,0.4,0,1,1.08333333333333
J02459.1,37621,A,C,0/1,0/1,0/1,0/0,0/0,0,1,0,1,0,1,0,0,0,0,0.3,0.5,0,0.30952380952381
J02459.1,37626,A,T,0/1,0/1,0/1,0/0,0/0,0,1,0,1,0,1,0,0,0,0,0.3,0.5,0,0.30952380952381
J02459.1,37666,A,T,0/1,0/1,0/1,0/0,0/0,0,1,0,1,0,1,0,0,0,0,0.3,0.5,0,0.30952380952381
J02459.1,37764,A,G,0/0,0/0,0/0,0/1,0/1,0,0,0,0,0,0,0,1,0,1,0.2,0,0.5,0.40625
J02459.1,37795,C,A,0/0,0/0,0/0,1/1,1/1,0,0,0,0,0,0,1,1,1,1,0.4,0,1,1.08333333333333
J02459.1,37798,A,G,1/1,1/1,1/1,0/0,0/0,1,1,1,1,1,1,0,0,0,0,0.6,1,0,1.08333333333333
J02459.1,37817,C,G,0/0,0/0,0/0,1/1,1/1,0,0,0,0,0,0,1,1,1,1,0.4,0,1,1.08333333333333
J02459.1,37851,A,C,0/0,0/0,0/0,0/1,0/1,0,0,0,0,0,0,0,1,0,1,0.2,0,0.5,0.40625
J02459.1,37874,A,T,0/0,0/0,0/0,0/1,0/1,0,0,0,0,0,0,0,1,0,1,0.2,0,0.5,0.40625
J02459.1,37915,G,C,0/0,0/0,0/0,0/1,0/1,0,0,0,0,0,0,0,1,0,1,0.2,0,0.5,0.40625
J02459.1,38032,G,C,0/0,0/0,0/0,0/1,0/1,0,0,0,0,0,0,0,1,0,1,0.2,0,0.5,0.40625
J02459.1,38167,A,C,0/0,0/0,0/0,0/1,0/1,0,0,0,0,0,0,0,1,0,1,0.2,0,0.5,0.40625
J02459.1,38170,A,G,1/1,1/1,1/1,0/0,0/0,1,1,1,1,1,1,0,0,0,0,0.6,1,0,1.08333333333333
J02459.1,38189,T,C,0/0,0/0,0/0,0/1,0/1,0,0,0,0,0,0,0,1,0,1,0.2,0,0.5,0.40625
J02459.1,38191,T,C,1/1,1/1,1/1,0/0,0/0,1,1,1,1,1,1,0,0,0,0,0.6,1,0,1.08333333333333
J02459.1,38228,A,C,0/0,0/0,0/0,0/1,0/1,0,0,0,0,0,0,0,1,0,1,0.2,0,0.5,0.40625
J02459.1,38255,T,A,0/0,0/0,0/0,1/1,1/1,0,0,0,0,0,0,1,1,1,1,0.4,0,1,1.08333333333333
J02459.1,38345,A,T,0/0,0/0,0/0,0/1,0/1,0,0,0,0,0,0,0,1,0,1,0.2,0,0.5,0.40625
J02459.1,38411,C,G,1/1,1/1,1/1,0/0,0/0,1,1,1,1,1,1,0,0,0,0,0.6,1,0,1.08333333333333
J02459.1,38726,A,T,0/0,0/0,0/0,0/1,0/1,0,0,0,0,0,0,0,1,0,1,0.2,0,0.5,0.40625
J02459.1,38733,C,A,0/1,0/1,0/1,0/0,0/0,0,1,0,1,0,1,0,0,0,0,0.3,0.5,0,0.30952380952381
J02459.1,38752,G,C,0/0,0/0,0/0,0/1,0/1,0,0,0,0,0,0,0,1,0,1,0.2,0,0.5,0.40625
J02459.1,38937,A,C,0/1,0/1,0/1,0/0,0/0,0,1,0,1,0,1,0,0,0,0,0.3,0.5,0,0.30952380952381
J02459.1,39024,A,T,0/0,0/0,0/0,0/1,0/1,0,0,0,0,0,0,0,1,0,1,0.2,0,0.5,0.40625
J02459.1,39042,A,G,1/1,1/1,1/1,0/0,0/0,1,1,1,1,1,1,0,0,0,0,0.6,1,0,1.08333333333333
J02459.1,39062,A,T,0/0,0/0,0/0,0/1,0/1,0,0,0,0,0,0,0,1,0,1,0.2,0,0.5,0.40625
J02459.1,39116,G,C,0/1,0/1,0/1,0/0,0/0,0,1,0,1,0,1,0,0,0,0,0.3,0.5,0,0.30952380952381
J02459.1,39122,C,G,0/1,0/1,0/1,0/0,0/0,0,1,0,1,0,1,0,0,0,0,0.3,0.5,0,0.30952380952381
J02459.1,39199,A,C,0/0,0/0,0/0,1/1,1/1,0,0,0,0,0,0,1,1,1,1,0.4,0,1,1.08333333333333
J02459.1,39290,T,G,1/1,1/1,1/1,0/0,0/0,1,1,1,1,1,1,0,0,0,0,0.6,1,0,1.08333333333333
J02459.1,39298,G,C,0/0,0/0,0/0,0/1,0/1,0,0,0,0,0,0,0,1,0,1,0.2,0,0.5,0.40625
J02459.1,39354,T,G,0/1,0/1,0/1,0/0,0/0,0,1,0,1,0,1,0,0,0,0,0.3,0.5,0,0.30952380952381
J02459.1,39380,G,C,0/0,0/0,0/0,0/1,0/1,0,0,0,0,0,0,0,1,0,1,0.2,0,0.5,0.40625
J02459.1,39478,T,C,0/1,0/1,0/1,0/0,0/0,0,1,0,1,0,1,0,0,0,0,0.3,0.5,0,0.30952380952381
J02459.1,39487,C,T,0/0,0/0,0/0,0/1,0/1,0,0,0,0,0,0,0,1,0,1,0.2,0,0.5,0.40625
J02459.1,39488,T,G,0/0,0/0,0/0,1/1,1/1,0,0,0,0,0,0,1,1,1,1,0.4,0,1,1.08333333333333
J02459.1,39527,C,A,0/0,0/0,0/0,0/1,0/1,0,0,0,0,0,0,0,1,0,1,0.2,0,0.5,0.40625
J02459.1,39536,C,G,1/1,1/1,1/1,0/0,0/0,1,1,1,1,1,1,0,0,0,0,0.6,1,0,1.08333333333333
J02459.1,39567,T,C,0/0,0/0,0/0,0/1,0/1,0,0,0,0,0,0,0,1,0,1,0.2,0,0.5,0.40625
J02459.1,39607,T,C,0/0,0/0,0/0,1/1,1/1,0,0,0,0,0,0,1,1,1,1,0.4,0,1,1.08333333333333
J02459.1,39617,C,G,0/0,0/0,0/0,0/1,0/1,0,0,0,0,0,0,0,1,0,1,0.2,0,0.5,0.40625
J02459.1,39630,C,T,0/0,0/0,0/0,0/1,0/1,0,0,0,0,0,0,0,1,0,1,0.2,0,0.5,0.40625
J02459.1,39660,T,A,0/0,0/0,0/0,0/1,0/1,0,0,0,0,0,0,0,1,0,1,0.2,0,0.5,0.40625
J02459.1,39751,A,C,0/0,0/0,0/0,1/1,1/1,0,0,0,0,0,0,1,1,1,1,0.4,0,1,1.08333333333333
J02459.1,39782,T,A,0/0,0/0,0/0,0/1,0/1,0,0,0,0,0,0,0,1,0,1,0.2,0,0.5,0.40625
J02459.1,39825,A,G,0/1,0/1,0/1,0/0,0/0,0,1,0,1,0,1,0,0,0,0,0.3,0.5,0,0.30952380952381
J02459.1,39860,T,G,1/1,1/1,1/1,0/0,0/0,1,1,1,1,1,1,0,0,0,0,0.6,1,0,1.08333333333333
J02459.1,39861,C,A,0/0,0/0,0/0,0/1,0/1,0,0,0,0,0,0,0,1,0,1,0.2,0,0.5,0.40625
J02459.1,39939,C,A,0/0,0/0,0/0,0/1,0/1,0,0,0,0,0,0,0,1,0,1,0.2,0,0.5,0.40625
J02459.1,39944,A,C,0/0,0/0,0/0,1/1,1/1,0,0,0,0,0,0,1,1,1,1,0.4,0,1,1.08333333333333
J02459.1,40056,A,T,1/1,1/1,1/1,0/0,0/0,1,1,1,1,1,1,0,0,0,0,0.6,1,0,1.08333333333333
J02459.1,40066,A,G,0/1,0/1,0/1,0/0,0/0,0,1,0,1,0,1,0,0,0,0,0.3,0.5,0,0.30952380952381
J02459.1,40125,C,G,1/1,1/1,1/1,0/0,0/0,1,1,1,1,1,1,0,0,0,0,0.6,1,0,1.08333333333333
J02459.1,40135,T,A,0/0,0/0,0/0,0/1,0/1,0,0,0,0,0,0,0,1,0,1,0.2,0,0.5,0.40625
J02459.1,40137,A,C,0/0,0/0,0/0,0/1,0/1,0,0,0,0,0,0,0,1,0,1,0.2,0,0.5,0.40625
J02459.1,40255,A,T,0/0,0/0,0/0,1/1,1/1,0,0,0,0,0,0,1,1,1,1,0.4,0,1,1.08333333333333
J02459.1,40285,G,A,0/1,0/1,0/1,0/0,0/0,0,1,0,1,0,1,0,0,0,0,0.3,0.5,0,0.30952380952381
J02459.1,40291,A,G,0/0,0/0,0/0,0/1,0/1,0,0,0,0,0,0,0,1,0,1,0.2,0,0.5,0.40625
J02459.1,40357,A,C,0/0,0/0,0/0,0/1,0/1,0,0,0,0,0,0,0,1,0,1,0.2,0,0.5,0.40625
J02459.1,40438,G,C,0/0,0/0,0/0,0/1,0/1,0,0,0,0,0,0,0,1,0,1,0.2,0,0.5,0.40625
J02459.1,40489,G,A,0/1,0/1,0/1,0/0,0/0,0,1,0,1,0,1,0,0,0,0,0.3,0.5,0,0.30952380952381
J02459.1,40494,C,T,0/0,0/0,0/0,1/1,1/1,0,0,0,0,0,0,1,1,1,1,0.4,0,1,1.08333333333333
J02459.1,40545,T,A,0/0,0/0,0/0,0/1,0/1,0,0,0,0,0,0,0,1,0,1,0.2,0,0.5,0.40625
J02459.1,40565,A,C,0/0,0/0,0/0,1/1,1/1,0,0,0,0,0,0,1,1,1,1,0.4,0,1,1.08333333333333
J02459.1,40569,G,T,0/1,0/1,0/1,0/0,0/0,0,1,0,1,0,1,0,0,0,0,0.3,0.5,0,0.30952380952381
J02459.1,40673,T,C,0/0,0/0,0/0,0/1,0/1,0,0,0,0,0,0,0,1,0,1,0.2,0,0.5,0.40625
J02459.1,40686,C,A,0/1,0/1,0/1,0/0,0/0,0,1,0,1,0,1,0,0,0,0,0.3,0.5,0,0.30952380952381
J02459.1,40695,A,C,0/0,0/0,0/0,1/1,1/1,0,0,0,0,0,0,1,1,1,1,0.4,0,1,1.08333333333333
J02459.1,40743,G,A,1/1,1/1,1/1,0/0,0/0,1,1,1,1,1,1,0,0,0,0,0.6,1,0,1.08333333333333
J02459.1,40758,C,G,0/1,0/1,0/1,0/0,0/0,0,1,0,1,0,1,0,0,0,0,0.3,0.5,0,0.30952380952381
J02459.1,40760,C,G,0/0,0/0,0/0,0/1,0/1,0,0,0,0,0,0,0,1,0,1,0.2,0,0.5,0.40625
J02459.1,40803,G,A,1/1,1/1,1/1,0/0,0/0,1,1,1,1,1,1,0,0,0,0,0.6,1,0,1.08333333333333
J02459.1,40823,T,C,0/0,0/0,0/0,1/1,1/1,0,0,0,0,0,0,1,1,1,1,0.4,0,1,1.08333333333333
J02459.1,40884,A,C,0/1,0/1,0/1,0/0,0/0,0,1,0,1,0,1,0,0,0,0,0.3,0.5,0,0.30952380952381
J02459.1,40887,C,G,0/1,0/1,0/1,0/0,0/0,0,1,0,1,0,1,0,0,0,0,0.3,0.5,0,0.30952380952381
J02459.1,40921,G,T,0/1,0/1,0/1,0/0,0/0,0,1,0,1,0,1,0,0,0,0,0.3,0.5,0,0.30952380952381
J02459.1,40979,A,G,0/0,0/0,0/0,1/1,1/1,0,0,0,0,0,0,1,1,1,1,0.4,0,1,1.08333333333333
J02459.1,41166,A,G,1/1,1/1,1/1,0/0,0/0,1,1,1,1,1,1,0,0,0,0,0.6,1,0,1.08333333333333
J02459.1,41240,T,G,0/0,0/0,0/0,1/1,1/1,0,0,0,0,0,0,1,1,1,1,0.4,0,1,1.08333333333333
J02459.1,41265,T,C,0/1,0/1,0/1,0/0,0/0,0,1,0,1,0,1,0,0,0,0,0.3,0.5,0,0.30952380952381
J02459.1,41302,T,C,1/1,1/1,1/1,0/0,0/0,1,1,1,1,1,1,0,0,0,0,0.6,1,0,1.08333333333333
J02459.1,41327,G,T,1/1,1/1,1/1,0/0,0/0,1,1,1,1,1,1,0,0,0,0,0.6,1,0,1.08333333333333
J02459.1,41350,T,A,0/0,0/0,0/0,0/1,0/1,0,0,0,0,0,0,0,1,0,1,0.2,0,0.5,0.40625
J02459.1,41371,G,T,0/1,0/1,0/1,0/0,0/0,0,1,0,1,0,1,0,0,0,0,0.3,0.5,0,0.30952380952381
J02459.1,41376,A,C,0/0,0/0,0/0,1/1,1/1,0,0,0,0,0,0,1,1,1,1,0.4,0,1,1.08333333333333
J02459.1,41415,C,G,0/0,0/0,0/0,0/1,0/1,0,0,0,0,0,0,0,1,0,1,0.2,0,0.5,0.40625
J02459.1,41439,T,A,0/1,0/1,0/1,0/0,0/0,0,1,0,1,0,1,0,0,0,0,0.3,0.5,0,0.30952380952381
J02459.1,41506,T,C,0/1,0/1,0/1,0/0,0/0,0,1,0,1,0,1,0,0,0,0,0.3,0.5,0,0.30952380952381
J02459.1,41660,T,C,1/1,1/1,1/1,0/0,0/0,1,1,1,1,1,1,0,0,0,0,0.6,1,0,1.08333333333333
J02459.1,41703,T,G,1/1,1/1,1/1,0/0,0/0,1,1,1,1,1,1,0,0,0,0,0.6,1,0,1.08333333333333
J02459.1,41722,G,T,0/1,0/1,0/1,0/0,0/0,0,1,0,1,0,1,0,0,0,0,0.3,0.5,0,0.30952380952381
J02459.1,41749,C,T,0/0,0/0,0/0,1/1,1/1,0,0,0,0,0,0,1,1,1,1,0.4,0,1,1.08333333333333
J02459.1,41758,G,A,1/1,1/1,1/1,0/0,0/0,1,1,1,1,1,1,0,0,0,0,0.6,1,0,1.08333333333333
J02459.1,41771,G,A,0/0,0/0,0/0,0/1,0/1,0,0,0,0,0,0,0,1,0,1,0.2,0,0.5,0.40625
J02459.1,41820,A,T,0/0,0/0,0/0,0/1,0/1,0,0,0,0,0,0,0,1,0,1,0.2,0,0.5,0.40625
J02459.1,41835,A,C,1/1,1/1,1/1,0/0,0/0,1,1,1,1,1,1,0,0,0,0,0.6,1,0,1.08333333333333
J02459.1,41858,G,T,0/0,0/0,0/0,1/1,1/1,0,0,0,0,0,0,1,1,1,1,0.4,0,1,1.08333333333333
J02459.1,41880,C,G,0/0,0/0,0/0,0/1,0/1,0,0,0,0,0,0,0,1,0,1,0.2,0,0.5,0.40625
J02459.1,41997,C,G,0/0,0/0,0/0,1/1,1/1,0,0,0,0,0,0,1,1,1,1,0.4,0,1,1.08333333333333
J02459.1,42097,G,A,0/0,0/0,0/0,0/1,0/1,0,0,0,0,0,0,0,1,0,1,0.2,0,0.5,0.40625
J02459.1,42138,A,C,1/1,1/1,1/1,0/0,0/0,1,1,1,1,1,1,0,0,0,0,0.6,1,0,1.08333333333333
J02459.1,42165,A,C,0/0,0/0,0/0,0/1,0/1,0,0,0,0,0,0,0,1,0,1,0.2,0,0.5,0.40625
J02459.1,42199,T,C,0/1,0/1,0/1,0/0,0/0,0,1,0,1,0,1,0,0,0,0,0.3,0.5,0,0.30952380952381
J02459.1,42262,A,C,1/1,1/1,1/1,0/0,0/0,1,1,1,1,1,1,0,0,0,0,0.6,1,0,1.08333333333333
J02459.1,42317,T,G,0/0,0/0,0/0,1/1,1/1,0,0,0,0,0,0,1,1,1,1,0.4,0,1,1.08333333333333
J02459.1,42320,A,C,0/0,0/0,0/0,0/1,0/1,0,0,0,0,0,0,0,1,0,1,0.2,0,0.5,0.40625
J02459.1,42378,G,T,0/1,0/1,0/1,0/0,0/0,0,1,0,1,0,1,0,0,0,0,0.3,0.5,0,0.30952380952381
J02459.1,42402,C,A,0/1,0/1,0/1,0/0,0/0,0,1,0,1,0,1,0,0,0,0,0.3,0.5,0,0.30952380952381
J02459.1,42540,G,T,1/1,1/1,1/1,0/0,0/0,1,1,1,1,1,1,0,0,0,0,0.6,1,0,1.08333333333333
J02459.1,42576,G,T,0/0,0/0,0/0,0/1,0/1,0,0,0,0,0,0,0,1,0,1,0.2,0,0.5,0.40625
J02459.1,42786,A,C,0/1,0/1,0/1,0/0,0/0,0,1,0,1,0,1,0,0,0,0,0.3,0.5,0,0.30952380952381
J02459.1,42823,G,T,1/1,1/1,1/1,0/0,0/0,1,1,1,1,1,1,0,0,0,0,0.6,1,0,1.08333333333333
J02459.1,42874,T,A,1/1,1/1,1/1,0/0,0/0,1,1,1,1,1,1,0,0,0,0,0.6,1,0,1.08333333333333
J02459.1,42954,C,A,0/1,0/1,0/1,0/0,0/0,0,1,0,1,0,1,0,0,0,0,0.3,0.5,0,0.30952380952381
J02459.1,42955,G,C,1/1,1/1,1/1,0/0,0/0,1,1,1,1,1,1,0,0,0,0,0.6,1,0,1.08333333333333
J02459.1,42964,T,G,0/0,0/0,0/0,1/1,1/1,0,0,0,0,0,0,1,1,1,1,0.4,0,1,1.08333333333333
J02459.1,43116,T,G,0/0,0/0,0/0,0/1,0/1,0,0,0,0,0,0,0,1,0,1,0.2,0,0.5,0.40625
J02459.1,43131,G,A,0/1,0/1,0/1,0/0,0/0,0,1,0,1,0,1,0,0,0,0,0.3,0.5,0,0.30952380952381
J02459.1,43256,A,T,1/1,1/1,1/1,0/0,0/0,1,1,1,1,1,1,0,0,0,0,0.6,1,0,1.08333333333333
J02459.1,43311,A,G,0/0,0/0,0/0,1/1,1/1,0,0,0,0,0,0,1,1,1,1,0.4,0,1,1.08333333333333
J02459.1,43314,A,T,0/0,0/0,0/0,0/1,0/1,0,0,0,0,0,0,0,1,0,1,0.2,0,0.5,0.40625
J02459.1,43368,G,C,0/0,0/0,0/0,0/1,0/1,0,0,0,0,0,0,0,1,0,1,0.2,0,0.5,0.40625
J02459.1,43409,A,C,0/0,0/0,0/0,0/1,0/1,0,0,0,0,0,0,0,1,0,1,0.2,0,0.5,0.40625
J02459.1,43505,G,A,1/1,1/1,1/1,0/0,0/0,1,1,1,1,1,1,0,0,0,0,0.6,1,0,1.08333333333333
J02459.1,43608,G,C,0/0,0/0,0/0,0/1,0/1,0,0,0,0,0,0,0,1,0,1,0.2,0,0.5,0.40625
J02459.1,43663,A,C,0/0,0/0,0/0,1/1,1/1,0,0,0,0,0,0,1,1,1,1,0.4,0,1,1.08333333333333
J02459.1,43712,A,T,0/1,0/1,0/1,0/0,0/0,0,1,0,1,0,1,0,0,0,0,0.3,0.5,0,0.30952380952381
J02459.1,43718,C,T,0/0,0/0,0/0,0/1,0/1,0,0,0,0,0,0,0,1,0,1,0.2,0,0.5,0.40625
J02459.1,43731,A,T,0/0,0/0,0/0,0/1,0/1,0,0,0,0,0,0,0,1,0,1,0.2,0,0.5,0.40625
J02459.1,43832,C,T,0/0,0/0,0/0,0/1,0/1,0,0,0,0,0,0,0,1,0,1,0.2,0,0.5,0.40625
J02459.1,43834,G,C,0/1,0/1,0/1,0/1,0/1,0,1,0,1,0,1,0,1,0,1,0.5,0.5,0.5,0
J02459.1,43852,A,C,0/0,0/0,0/0,0/1,0/1,0,0,0,0,0,0,0,1,0,1,0.2,0,0.5,0.40625
J02459.1,43889,A,C,0/1,0/1,0/1,0/0,0/0,0,1,0,1,0,1,0,0,0,0,0.3,0.5,0,0.30952380952381
J02459.1,43891,A,G,0/1,0/1,0/1,0/0,0/0,0,1,0,1,0,1,0,0,0,0,0.3,0.5,0,0.30952380952381
J02459.1,43943,T,A,0/0,0/0,0/0,1/1,1/1,0,0,0,0,0,0,1,1,1,1,0.4,0,1,1.08333333333333
J02459.1,43945,A,C,0/1,0/1,0/1,0/0,0/0,0,1,0,1,0,1,0,0,0,0,0.3,0.5,0,0.30952380952381
J02459.1,43988,A,C,0/0,0/0,0/0,0/1,0/1,0,0,0,0,0,0,0,1,0,1,0.2,0,0.5,0.40625
J02459.1,44050,G,T,0/0,0/0,0/0,1/1,1/1,0,0,0,0,0,0,1,1,1,1,0.4,0,1,1.08333333333333
J02459.1,44091,A,T,0/0,0/0,0/0,1/1,1/1,0,0,0,0,0,0,1,1,1,1,0.4,0,1,1.08333333333333
J02459.1,44152,A,T,0/1,0/1,0/1,0/0,0/0,0,1,0,1,0,1,0,0,0,0,0.3,0.5,0,0.30952380952381
J02459.1,44160,A,C,0/0,0/0,0/0,0/1,0/1,0,0,0,0,0,0,0,1,0,1,0.2,0,0.5,0.40625
J02459.1,44171,C,A,0/1,0/1,0/1,0/0,0/0,0,1,0,1,0,1,0,0,0,0,0.3,0.5,0,0.30952380952381
J02459.1,44196,A,G,0/1,0/1,0/1,0/0,0/0,0,1,0,1,0,1,0,0,0,0,0.3,0.5,0,0.30952380952381
J02459.1,44200,G,A,1/1,1/1,1/1,0/0,0/0,1,1,1,1,1,1,0,0,0,0,0.6,1,0,1.08333333333333
J02459.1,44340,A,C,0/0,0/0,0/0,0/1,0/1,0,0,0,0,0,0,0,1,0,1,0.2,0,0.5,0.40625
J02459.1,44459,C,T,0/0,0/0,0/0,1/1,1/1,0,0,0,0,0,0,1,1,1,1,0.4,0,1,1.08333333333333
J02459.1,44465,G,C,1/1,1/1,1/1,0/0,0/0,1,1,1,1,1,1,0,0,0,0,0.6,1,0,1.08333333333333
J02459.1,44508,A,T,0/1,0/1,0/1,0/0,0/0,0,1,0,1,0,1,0,0,0,0,0.3,0.5,0,0.30952380952381
J02459.1,44510,C,T,0/0,0/0,0/0,0/1,0/1,0,0,0,0,0,0,0,1,0,1,0.2,0,0.5,0.40625
J02459.1,44546,A,G,0/0,0/0,0/0,1/1,1/1,0,0,0,0,0,0,1,1,1,1,0.4,0,1,1.08333333333333
J02459.1,44573,G,C,0/0,0/0,0/0,1/1,1/1,0,0,0,0,0,0,1,1,1,1,0.4,0,1,1.08333333333333
J02459.1,44640,A,G,0/0,0/0,0/0,0/1,0/1,0,0,0,0,0,0,0,1,0,1,0.2,0,0.5,0.40625
J02459.1,44722,A,G,1/1,1/1,1/1,0/0,0/0,1,1,1,1,1,1,0,0,0,0,0.6,1,0,1.08333333333333
J02459.1,44730,A,T,1/1,1/1,1/1,0/0,0/0,1,1,1,1,1,1,0,0,0,0,0.6,1,0,1.08333333333333
J02459.1,44746,A,C,0/1,0/1,0/1,0/0,0/0,0,1,0,1,0,1,0,0,0,0,0.3,0.5,0,0.30952380952381
J02459.1,44754,C,T,0/0,0/0,0/0,0/1,0/1,0,0,0,0,0,0,0,1,0,1,0.2,0,0.5,0.40625
J02459.1,44812,A,C,0/1,0/1,0/1,0/0,0/0,0,1,0,1,0,1,0,0,0,0,0.3,0.5,0,0.30952380952381
J02459.1,44859,T,C,0/1,0/1,0/1,0/0,0/0,0,1,0,1,0,1,0,0,0,0,0.3,0.5,0,0.30952380952381
J02459.1,44959,C,A,0/0,0/0,0/0,0/1,0/1,0,0,0,0,0,0,0,1,0,1,0.2,0,0.5,0.40625
J02459.1,45065,T,A,0/0,0/0,0/0,1/1,1/1,0,0,0,0,0,0,1,1,1,1,0.4,0,1,1.08333333333333
J02459.1,45093,C,G,0/0,0/0,0/0,0/1,0/1,0,0,0,0,0,0,0,1,0,1,0.2,0,0.5,0.40625
J02459.1,45152,T,G,0/1,0/1,0/1,0/0,0/0,0,1,0,1,0,1,0,0,0,0,0.3,0.5,0,0.30952380952381
J02459.1,45211,T,A,0/0,0/0,0/0,1/1,1/1,0,0,0,0,0,0,1,1,1,1,0.4,0,1,1.08333333333333
J02459.1,45269,A,T,0/0,0/0,0/0,0/1,0/1,0,0,0,0,0,0,0,1,0,1,0.2,0,0.5,0.40625
J02459.1,45293,T,C,0/0,0/0,0/0,1/1,1/1,0,0,0,0,0,0,1,1,1,1,0.4,0,1,1.08333333333333
J02459.1,45408,A,C,0/1,0/1,0/1,0/0,0/0,0,1,0,1,0,1,0,0,0,0,0.3,0.5,0,0.30952380952381
J02459.1,45422,C,G,0/0,0/0,0/0,1/1,1/1,0,0,0,0,0,0,1,1,1,1,0.4,0,1,1.08333333333333
J02459.1,45441,T,C,0/0,0/0,0/0,0/1,0/1,0,0,0,0,0,0,0,1,0,1,0.2,0,0.5,0.40625
J02459.1,45444,A,G,0/1,0/1,0/1,0/0,0/0,0,1,0,1,0,1,0,0,0,0,0.3,0.5,0,0.30952380952381
J02459.1,45559,A,G,0/0,0/0,0/0,1/1,1/1,0,0,0,0,0,0,1,1,1,1,0.4,0,1,1.08333333333333
J02459.1,45577,A,G,0/0,0/0,0/0,0/1,0/1,0,0,0,0,0,0,0,1,0,1,0.2,0,0.5,0.40625
J02459.1,45588,T,G,0/1,0/1,0/1,0/0,0/0,0,1,0,1,0,1,0,0,0,0,0.3,0.5,0,0.30952380952381
J02459.1,45617,T,C,1/1,1/1,1/1,0/0,0/0,1,1,1,1,1,1,0,0,0,0,0.6,1,0,1.08333333333333
J02459.1,45721,T,A,0/0,0/0,0/0,0/1,0/1,0,0,0,0,0,0,0,1,0,1,0.2,0,0.5,0.40625
J02459.1,45792,G,C,0/0,0/0,0/0,1/1,1/1,0,0,0,0,0,0,1,1,1,1,0.4,0,1,1.08333333333333
J02459.1,45801,C,T,1/1,1/1,1/1,0/0,0/0,1,1,1,1,1,1,0,0,0,0,0.6,1,0,1.08333333333333
J02459.1,45809,C,G,0/0,0/0,0/0,1/1,1/1,0,0,0,0,0,0,1,1,1,1,0.4,0,1,1.08333333333333
J02459.1,45988,T,A,0/1,0/1,0/1,0/0,0/0,0,1,0,1,0,1,0,0,0,0,0.3,0.5,0,0.30952380952381
J02459.1,46014,G,C,0/1,0/1,0/1,0/0,0/0,0,1,0,1,0,1,0,0,0,0,0.3,0.5,0,0.30952380952381
J02459.1,46125,A,C,0/1,0/1,0/1,0/0,0/0,0,1,0,1,0,1,0,0,0,0,0.3,0.5,0,0.30952380952381
J02459.1,46146,G,C,0/1,0/1,0/1,0/0,0/0,0,1,0,1,0,1,0,0,0,0,0.3,0.5,0,0.30952380952381
J02459.1,46266,T,A,0/1,0/1,0/1,0/0,0/0,0,1,0,1,0,1,0,0,0,0,0.3,0.5,0,0.30952380952381
J02459.1,46460,T,G,0/0,0/0,0/0,0/1,0/1,0,0,0,0,0,0,0,1,0,1,0.2,0,0.5,0.40625
J02459.1,46478,C,G,0/0,0/0,0/0,0/1,0/1,0,0,0,0,0,0,0,1,0,1,0.2,0,0.5,0.40625
J02459.1,46517,C,T,0/1,0/1,0/1,0/0,0/0,0,1,0,1,0,1,0,0,0,0,0.3,0.5,0,0.30952380952381
J02459.1,46624,A,G,0/0,0/0,0/0,1/1,1/1,0,0,0,0,0,0,1,1,1,1,0.4,0,1,1.08333333333333
J02459.1,46649,T,C,0/0,0/0,0/0,0/1,0/1,0,0,0,0,0,0,0,1,0,1,0.2,0,0.5,0.40625
J02459.1,46659,C,A,0/0,0/0,0/0,0/1,0/1,0,0,0,0,0,0,0,1,0,1,0.2,0,0.5,0.40625
J02459.1,46660,T,C,0/0,0/0,0/0,0/1,0/1,0,0,0,0,0,0,0,1,0,1,0.2,0,0.5,0.40625
J02459.1,46676,T,G,0/1,0/1,0/1,0/0,0/0,0,1,0,1,0,1,0,0,0,0,0.3,0.5,0,0.30952380952381
J02459.1,46731,T,C,1/1,1/1,1/1,0/0,0/0,1,1,1,1,1,1,0,0,0,0,0.6,1,0,1.08333333333333
J02459.1,46795,T,G,0/0,0/0,0/0,1/1,1/1,0,0,0,0,0,0,1,1,1,1,0.4,0,1,1.08333333333333
J02459.1,46922,G,A,0/0,0/0,0/0,0/1,0/1,0,0,0,0,0,0,0,1,0,1,0.2,0,0.5,0.40625
J02459.1,47000,C,G,0/0,0/0,0/0,1/1,1/1,0,0,0,0,0,0,1,1,1,1,0.4,0,1,1.08333333333333
J02459.1,47034,G,A,0/0,0/0,0/0,0/1,0/1,0,0,0,0,0,0,0,1,0,1,0.2,0,0.5,0.40625
J02459.1,47039,G,T,0/0,0/0,0/0,1/1,1/1,0,0,0,0,0,0,1,1,1,1,0.4,0,1,1.08333333333333
J02459.1,47090,T,A,0/0,0/0,0/0,0/1,0/1,0,0,0,0,0,0,0,1,0,1,0.2,0,0.5,0.40625
J02459.1,47105,G,T,1/1,1/1,1/1,0/0,0/0,1,1,1,1,1,1,0,0,0,0,0.6,1,0,1.08333333333333
J02459.1,47112,T,A,0/0,0/0,0/0,1/1,1/1,0,0,0,0,0,0,1,1,1,1,0.4,0,1,1.08333333333333
J02459.1,47163,T,C,0/1,0/1,0/1,0/0,0/0,0,1,0,1,0,1,0,0,0,0,0.3,0.5,0,0.30952380952381
J02459.1,47210,C,T,0/1,0/1,0/1,0/0,0/0,0,1,0,1,0,1,0,0,0,0,0.3,0.5,0,0.30952380952381
J02459.1,47326,T,G,0/0,0/0,0/0,0/1,0/1,0,0,0,0,0,0,0,1,0,1,0.2,0,0.5,0.40625
J02459.1,47373,A,G,0/0,0/0,0/0,0/1,0/1,0,0,0,0,0,0,0,1,0,1,0.2,0,0.5,0.40625
J02459.1,47474,A,G,0/0,0/0,0/0,0/1,0/1,0,0,0,0,0,0,0,1,0,1,0.2,0,0.5,0.40625
J02459.1,47571,T,A,0/0,0/0,0/0,0/1,0/1,0,0,0,0,0,0,0,1,0,1,0.2,0,0.5,0.40625
J02459.1,47583,T,G,0/0,0/0,0/0,0/1,0/1,0,0,0,0,0,0,0,1,0,1,0.2,0,0.5,0.40625
J02459.1,47584,A,G,0/0,0/0,0/0,0/1,0/1,0,0,0,0,0,0,0,1,0,1,0.2,0,0.5,0.40625
J02459.1,47666,A,T,0/0,0/0,0/0,0/1,0/1,0,0,0,0,0,0,0,1,0,1,0.2,0,0.5,0.40625
J02459.1,47683,G,C,0/0,0/0,0/0,0/1,0/1,0,0,0,0,0,0,0,1,0,1,0.2,0,0.5,0.40625
J02459.1,47715,G,A,0/0,0/0,0/0,0/1,0/1,0,0,0,0,0,0,0,1,0,1,0.2,0,0.5,0.40625
J02459.1,47717,G,A,0/0,0/0,0/0,0/1,0/1,0,0,0,0,0,0,0,1,0,1,0.2,0,0.5,0.40625
J02459.1,47743,T,C,0/1,0/1,0/1,0/0,0/0,0,1,0,1,0,1,0,0,0,0,0.3,0.5,0,0.30952380952381
J02459.1,47759,G,C,0/0,0/0,0/0,0/1,0/1,0,0,0,0,0,0,0,1,0,1,0.2,0,0.5,0.40625
J02459.1,47951,T,C,0/0,0/0,0/0,1/1,1/1,0,0,0,0,0,0,1,1,1,1,0.4,0,1,1.08333333333333
J02459.1,47992,A,G,0/1,0/1,0/1,0/0,0/0,0,1,0,1,0,1,0,0,0,0,0.3,0.5,0,0.30952380952381
J02459.1,48022,G,A,0/1,0/1,0/1,0/0,0/0,0,1,0,1,0,1,0,0,0,0,0.3,0.5,0,0.30952380952381
J02459.1,48082,C,G,1/1,1/1,1/1,0/0,0/0,1,1,1,1,1,1,0,0,0,0,0.6,1,0,1.08333333333333
J02459.1,48182,A,T,0/1,0/1,0/1,0/0,0/0,0,1,0,1,0,1,0,0,0,0,0.3,0.5,0,0.30952380952381
J02459.1,48202,G,A,0/1,0/1,0/1,0/0,0/0,0,1,0,1,0,1,0,0,0,0,0.3,0.5,0,0.30952380952381
J02459.1,48342,C,A,0/0,0/0,0/0,0/1,0/1,0,0,0,0,0,0,0,1,0,1,0.2,0,0.5,0.40625
J02459.1,48370,C,G,0/1,0/1,0/1,0/0,0/0,0,1,0,1,0,1,0,0,0,0,0.3,0.5,0,0.30952380952381
J02459.1,48407,A,G,1/1,1/1,1/1,0/0,0/0,1,1,1,1,1,1,0,0,0,0,0.6,1,0,1.08333333333333
J02459.1,48478,C,A,0/0,0/0,0/0,1/1,1/1,0,0,0,0,0,0,1,1,1,1,0.4,0,1,1.08333333333333
